Index,critical_temp
0,65.51829999999997
1,4.121100000000004
2,13.149899999999992
3,80.90100000000002
4,19.1204817314754
5,104.89233333333335
6,51.38740000000001
7,2.6917600000000026
8,8.7214
9,76.97564999999997
10,2.0069666666666652
11,32.72063333333334
12,26.24771309523809
13,10.559248333333327
14,62.527533333333366
15,28.55211428571429
16,62.59715573961059
17,21.115924999999994
18,6.8355000000000015
19,17.424554761904766
20,74.94023333333335
21,8.641333333333334
22,6.666144166666665
23,19.5525
24,6.2734899999999945
25,67.19532242063491
26,88.40683333333321
27,6.236066666666668
28,0.6305323809523814
29,56.194333333333354
30,27.770209523809534
31,1.915837380952381
32,4.6084359523809555
33,70.80775714285713
34,12.135433333333332
35,20.539595714285714
36,48.59580000000003
37,44.00000000000001
38,3.7537633333333336
39,6.4548203571428555
40,3.293859999999998
41,3.3627000000000002
42,64.63202380952376
43,5.915856666666668
44,23.193349999999995
45,11.91956333333333
46,51.023255555555544
47,19.091813347763345
48,7.729298333333329
49,16.90650000000001
50,52.32800000000002
51,12.471366666666656
52,19.38619321789322
53,6.788943823529414
54,9.460858333333332
55,15.568400000000004
56,32.77520000000002
57,76.87816666666666
58,10.654750000000002
59,13.637691666666669
60,1.987852866666669
61,87.32533333333329
62,2.3804733333333323
63,4.528143333333332
64,29.271138095238115
65,76.18083333333338
66,95.79783333333334
67,9.021866666666668
68,56.78092876290374
69,7.650366666666663
70,19.291333333333352
71,23.092099999999974
72,4.93826666666666
73,8.882
74,9.314349999999989
75,18.621607142857155
76,5.518569999999998
77,72.82673333333334
78,5.788
79,20.389850000000028
80,90.35585714285712
81,7.407521666666669
82,0.17139475
83,5.173300000000001
84,32.66663333333336
85,82.42993333333341
86,6.939450000000003
87,3.202340666666668
88,6.877899999999996
89,28.450839041514016
90,33.98733333333334
91,72.4838
92,28.624999999999982
93,93.30799999999999
94,73.2969
95,43.94709090909091
96,85.20302500000001
97,23.32213333333334
98,56.61413333333332
99,8.52316114663114
100,79.29474999999996
101,67.80516666666668
102,11.483700000000004
103,5.910330000000003
104,2.496578000000001
105,22.2054
106,3.8044666666666718
107,29.842033333333333
108,78.15969512820512
109,59.01477738095235
110,7.488664999999998
111,6.147366666666679
112,21.15687500000001
113,2.4175371428571424
114,67.675
115,2.404031666666666
116,38.1614666666667
117,6.7373499999999975
118,14.003743333333334
119,82.30303761904761
120,85.90396167557932
121,2.47996
122,4.96865
123,58.266238095238094
124,29.171999999999997
125,4.742394999999998
126,60.716099999999976
127,9.009256666666667
128,4.961969166666668
129,74.01682095238095
130,27.759600000000006
131,38.350921428571425
132,48.99666666666666
133,85.02133333333333
134,40.88557717948719
135,0.7890649999999997
136,14.456835851370851
137,75.13874999999997
138,48.85028787878787
139,61.92711904761904
140,51.12216666666667
141,23.092099999999974
142,27.584600000000002
143,9.219574999999995
144,8.274658571428574
145,0.16849220000000023
146,73.72499999999994
147,20.372500000000002
148,8.28481666666667
149,71.08733738095239
150,124.37990793650782
151,55.19783333333335
152,3.20725
153,38.27440000000002
154,9.770886666666666
155,86.91900000000001
156,2.826633333333329
157,34.32130441722214
158,5.162226666666668
159,0.16670300000000007
160,83.49533095238094
161,33.78491333333333
162,3.4848749999999984
163,9.160564285714287
164,7.636711111111114
165,13.686966666666658
166,2.471350000000003
167,6.23725
168,44.272522222222214
169,5.560000000000007
170,8.654166666666674
171,78.86733333333342
172,5.3171433333333376
173,26.99259999999999
174,38.818000000000026
175,70.60050000000003
176,23.191999999999993
177,3.531371904761899
178,2.6036133166666655
179,38.942699999999995
180,81.80349999999993
181,65.64700000000005
182,84.23341919191915
183,2.639946199999999
184,34.907058333333325
185,1.8714209523809537
186,10.621700000000011
187,13.840466666666666
188,71.30299583333336
189,7.329866666666667
190,0.122863
191,19.1204817314754
192,84.12100000000004
193,19.93749999999999
194,74.5834512626263
195,4.070509999999997
196,86.25204696969696
197,39.14288333333333
198,52.32800000000002
199,11.251653841269837
200,26.12435714285714
201,19.091813347763345
202,3.507900000000001
203,3.942669444444444
204,13.82745
205,11.265112499999997
206,33.34872666666668
207,10.011253333333336
208,40.56999999999999
209,81.70343809523808
210,4.342313333333334
211,8.815929999999991
212,86.43745476190476
213,50.26099999999999
214,113.07164466089468
215,24.586500000000004
216,4.58389
217,85.58201666666673
218,30.63757380952381
219,20.60829999999999
220,4.857126666666664
221,10.872035714285705
222,90.19322619047618
223,21.989703333333342
224,1.6425569999999994
225,48.697325714285725
226,74.99065000000002
227,29.131114285714297
228,77.60338888888892
229,20.834564285714265
230,71.4925
231,78.17756102575173
232,4.2807585714285725
233,4.5836500000000004
234,9.927924166666665
235,10.537299999999991
236,86.59200000000001
237,84.11916363636365
238,2.792205
239,24.43343452380952
240,2.0232333333333328
241,76.34840000000005
242,2.3412743650793657
243,14.605353333333333
244,111.92173214285714
245,13.061400000000006
246,77.17978554778556
247,86.86767452279199
248,5.17513634920635
249,6.262811666666672
250,0.2309266666666666
251,37.20496563333296
252,73.10157948717956
253,5.386249999999999
254,9.487886666666666
255,35.820027047499615
256,2.3489800000000014
257,12.817999999999998
258,3.756000000000003
259,60.7943142857143
260,58.182750000000006
261,6.0299175000000025
262,116.06700000000001
263,1.5442833333333346
264,3.843036666666668
265,28.643449999999984
266,15.161755476190486
267,73.52353333333328
268,28.15280952380954
269,85.33150000000002
270,16.171000000000003
271,4.2929416666666675
272,19.672
273,24.330999999999985
274,2.6275399999999998
275,12.938010000000014
276,76.08366666666667
277,39.34750000000003
278,23.881741904761906
279,10.463058999999998
280,14.416952380952374
281,3.5169633333333326
282,7.680768095238092
283,5.388800000000003
284,64.11690000000002
285,6.050699999999995
286,16.793499999999984
287,2.184569999999999
288,2.4446547619047614
289,93.83275000000002
290,5.487533333333337
291,2.0265599999999977
292,56.194699999999955
293,25.523476190476188
294,20.109466666666677
295,72.40206666666667
296,62.158566666666665
297,6.268100000000001
298,16.264533333333333
299,7.659083333333333
300,87.06526666666667
301,2.083475
302,7.475499999999999
303,24.56053333333334
304,80.65166666666669
305,15.76066991341991
306,6.750704999999998
307,61.79373846153849
308,22.21208333333332
309,81.16699999999997
310,92.73975876068376
311,84.417
312,8.923999999999989
313,53.945
314,7.552099999999991
315,25.23016666666666
316,51.650499999999965
317,14.606458333333329
318,2.930139999999997
319,3.1031400000000007
320,22.480323333333335
321,73.7099
322,35.794999999999966
323,12.564906666666667
324,2.2600199999999986
325,6.30491
326,88.28283333333333
327,50.863899999999994
328,7.636280000000003
329,85.18379996124224
330,11.077008333333337
331,1.889315999999998
332,67.6685476190476
333,2.769670000000001
334,29.08536
335,44.68135
336,3.4987120000000003
337,4.91398404761905
338,66.39809999999996
339,55.21900000000001
340,3.098025816666667
341,67.55866666666667
342,2.8018666666666654
343,33.590450000000004
344,5.479946666666666
345,52.686350000000004
346,16.136867532467523
347,118.23066666666664
348,2.4720499999999967
349,25.29993452380952
350,16.737999999999996
351,58.95400000000001
352,80.27759999999998
353,4.611516
354,26.637878571428583
355,16.627050000000004
356,2.97172880952381
357,75.9103999999999
358,9.8111
359,5.952070833333334
360,8.998000000000001
361,96.33718507881005
362,40.602
363,32.59083333333333
364,7.474396590354084
365,72.26350952380953
366,20.999099999999988
367,6.765469999999998
368,26.99259999999999
369,83.84852222222221
370,114.57000000000002
371,68.20060000000001
372,57.256500000000024
373,71.0555
374,10.109849999999987
375,101.99156666666666
376,67.6205000000001
377,8.956366666666678
378,7.400999999999995
379,4.36018
380,55.295999999999985
381,2.626366666666663
382,110.97465000000005
383,12.755041666666669
384,59.558053015873
385,13.110233333333332
386,7.8104666666666756
387,3.683874999999997
388,27.272699999999997
389,5.983180333333338
390,65.7586264285714
391,88.60369999999999
392,11.451699999999978
393,0.8873233333333335
394,57.76700000000002
395,81.20268916666674
396,12.4706
397,28.132466666666687
398,42.78600000000003
399,18.990250000000017
400,76.18083333333338
401,12.594266666666678
402,85.18379996124224
403,30.744739999999975
404,89.09795634920634
405,36.398931666666684
406,5.117466666666669
407,15.20619999999999
408,7.085524999999995
409,66.50564404761903
410,77.31483686868687
411,24.891
412,23.58565
413,28.577999999999996
414,17.4602
415,118.40116666666665
416,4.410636666666674
417,3.1925499999999998
418,4.295133333333334
419,18.451
420,6.356016666666665
421,40.30833333333334
422,52.602970833333345
423,77.66048142857144
424,79.53275
425,11.871386309523812
426,6.281486666666666
427,79.22799999999992
428,4.410636666666674
429,5.258484999999999
430,3.43965
431,38.82279999999997
432,46.00773333333336
433,3.8513266666666692
434,15.155466666666664
435,75.5273333333333
436,79.30793333333337
437,3.9369783333333355
438,54.221500000000006
439,53.99539999999999
440,115.4198988095238
441,3.0459633333333307
442,6.165621515151514
443,15.579849999999983
444,7.669366666666677
445,85.52778292682925
446,8.010321125541129
447,3.870049999999996
448,19.291333333333352
449,69.62239545454545
450,55.58732976190474
451,66.73149999999998
452,66.24946666666668
453,23.104200000000002
454,68.52036111111119
455,6.398253333333333
456,8.641333333333334
457,4.095020285714285
458,33.13749999999996
459,79.67210952380954
460,76.22419230769228
461,4.438599999999998
462,84.00574059061496
463,5.520975
464,8.561609999999991
465,13.499696428571418
466,21.78000000000001
467,7.205066666666661
468,28.86380000000002
469,73.81042753623183
470,56.78092876290374
471,15.025249999999996
472,125.50797474747476
473,55.61599999999998
474,26.49816666666667
475,43.606
476,23.26473333333333
477,56.78092876290374
478,5.693749206349207
479,41.10899999999999
480,87.88798333333334
481,1.6130619047619053
482,27.07729
483,65.3445
484,9.544566666666668
485,14.422642518037517
486,65.69780000000002
487,5.015873333333336
488,52.11200000000001
489,91.15449880619384
490,39.13389999999999
491,10.785766666666671
492,4.061796666666668
493,109.26324999999999
494,3.0637399999999992
495,1.4458399999999996
496,21.206544444444443
497,81.51330959200604
498,40.79826666666667
499,27.62597941919192
500,13.370988095238088
501,2.6104100000000012
502,9.654893333333334
503,24.909666666666663
504,5.943299999999999
505,15.155466666666664
506,19.653895346320354
507,78.13353333333342
508,71.30941666666668
509,5.033798333333334
510,26.25871428571429
511,9.044999999999993
512,10.752883333333337
513,38.56519999999996
514,7.987035000000003
515,17.516714285714297
516,35.75206666666667
517,1.5566799999999992
518,3.8648500000000015
519,48.863758333333344
520,0.4824336333333331
521,7.330343849206351
522,10.225000000000005
523,81.00520000000002
524,34.89274285714285
525,25.147199999999998
526,2.481361428571428
527,22.766916666666674
528,34.10404166666666
529,11.710360000000003
530,2.1269050000000007
531,89.72749999999996
532,10.615200000000002
533,48.61700000000002
534,14.921226666666664
535,62.96126666666669
536,3.046236666666667
537,7.741316666666661
538,38.22511269841269
539,8.911557142857134
540,8.977056666666668
541,70.82142500000009
542,5.0651833333333345
543,4.825030793226374
544,26.05444285714285
545,71.77006800421803
546,5.700747619047622
547,3.3197099999999993
548,16.070590476190468
549,3.8093433333333335
550,8.636315115440118
551,5.764100000000001
552,125.43850000000012
553,2.6149599999999964
554,4.593498333333335
555,89.64322460317462
556,8.31593
557,27.07729
558,5.931749999999999
559,10.289090000000002
560,54.121799999999965
561,26.81570476190477
562,3.7519208333333323
563,32.99251692085692
564,16.279033333333334
565,61.4715
566,76.79253333333335
567,9.376701666666667
568,86.28270851370854
569,16.080075000000004
570,6.597249999999998
571,8.368573499999998
572,59.04190526315797
573,38.96150000000001
574,65.90870000000001
575,35.348780158730186
576,6.050699999999995
577,2.9074733333333342
578,22.901504761904775
579,3.434142857142857
580,7.680768095238092
581,7.001900000000003
582,4.506456333333328
583,26.26453968253967
584,30.06475
585,5.346935000000001
586,30.64893999999997
587,70.02399999999999
588,4.129320000000003
589,2.7990999999999984
590,26.816820818764572
591,6.529700000000003
592,5.636249999999997
593,11.850300000000004
594,67.07666666666667
595,90.46401439393946
596,86.02330000000003
597,3.5633000000000026
598,12.932499999999989
599,7.76538595238095
600,91.60758888888887
601,36.107032175704745
602,31.175333333333334
603,18.805266666666657
604,77.9
605,35.41731214285712
606,20.236855952380953
607,32.99251692085692
608,108.65277575757577
609,3.8921399999999973
610,108.40900000000012
611,3.5859500000000026
612,3.6497500000000014
613,4.368717619047619
614,11.359599999999993
615,85.98199999999999
616,86.34145347985343
617,57.11585
618,89.12851445449978
619,30.76378571428575
620,9.81836333333333
621,21.585900000000017
622,4.281455833333334
623,21.52366666666666
624,20.14233333333333
625,13.831600000000005
626,56.16999999999999
627,4.982074285714283
628,4.022536666666664
629,2.197949999999997
630,80.0237166666667
631,93.05799999999999
632,31.18980000000002
633,4.7735483333333315
634,16.384399999999992
635,90.2640555555555
636,14.432592857142858
637,71.39466666666667
638,5.3912588888888875
639,3.324796199999997
640,63.45350000000001
641,68.50334375000001
642,57.337500000000006
643,17.46209999999998
644,9.158446666666668
645,1.913663333333334
646,42.112000000000045
647,20.11564999999999
648,3.5496947619047643
649,8.104261666666666
650,37.20496563333296
651,34.183
652,69.3878922077922
653,2.511709771428572
654,61.892157017363445
655,76.35900000000004
656,57.50041666666666
657,3.2995066666666673
658,69.1592380952381
659,21.904100000000007
660,9.3145
661,75.08813333333337
662,47.03240000000001
663,2.446403399999999
664,58.402446428571366
665,90.74285000000005
666,29.507933333333355
667,4.83871166666667
668,48.73818293650792
669,11.965150000000001
670,80.90100000000002
671,6.013024999999999
672,4.929612857142853
673,4.7329
674,59.839704166666664
675,3.5712241666666666
676,3.932480485714287
677,61.88449999999992
678,7.571449999999999
679,22.602749999999983
680,3.3254083333333324
681,56.20859404761901
682,49.02183333333334
683,21.56348438095238
684,0.13369325000000007
685,18.011916666666668
686,8.518699999999994
687,7.4692166666666715
688,3.036199999999999
689,3.5394714285714297
690,12.737460000000006
691,85.18379996124224
692,17.566576666666673
693,30.262583333333314
694,3.4419000952380965
695,27.969633333333324
696,19.1204817314754
697,63.85344999999998
698,31.027888888888842
699,14.556949999999986
700,40.68899999999999
701,3.754033333333338
702,28.088607936507934
703,75.09432307692308
704,8.229084999999992
705,81.12216666666666
706,53.278800000000025
707,5.731297142857139
708,14.185621212121207
709,7.377399999999997
710,91.05384642857152
711,28.880890476190483
712,5.429803333333332
713,18.75123174603175
714,6.594212500000001
715,82.10199999999998
716,6.058733333333333
717,45.24356257076258
718,24.56053333333334
719,75.3163938894439
720,43.44820333333337
721,87.72655989247303
722,9.074200000000005
723,66.00580000000004
724,3.443283333333335
725,29.023623809523812
726,58.97295000000002
727,39.408
728,62.56133333333333
729,19.512650000000004
730,91.15449880619384
731,3.8694966666666675
732,26.235999999999994
733,73.82519000000002
734,14.827933333333329
735,3.1978436083333333
736,38.842466666666695
737,85.84495000000003
738,22.699828571428576
739,4.470252857142857
740,9.88948571428571
741,53.93600000000001
742,71.71849999999999
743,12.068519047619047
744,88.74724999999997
745,4.115870714285715
746,89.93083333333334
747,52.503333333333366
748,87.78444999999996
749,19.23280000000001
750,4.463258333333332
751,16.431165000000007
752,77.11543333333327
753,55.41815
754,5.84252880952381
755,0.22907386666666668
756,19.976000000000003
757,78.44050000000001
758,3.8292316666666664
759,65.60700000000004
760,48.36933333333336
761,3.9996949999999964
762,14.548336666666671
763,2.1572999999999984
764,7.386645
765,72.07500000000002
766,36.398931666666684
767,20.582333333333324
768,41.73847714285714
769,15.209612463924957
770,88.19183333333335
771,22.508711666666667
772,76.82586753246757
773,56.36052796925294
774,49.385099999999994
775,85.00599999999991
776,11.959139761904762
777,24.510099999999987
778,46.19548333333334
779,3.182389999999998
780,26.294137142857153
781,2.4335150000000003
782,8.011208809523808
783,6.668364999999997
784,11.699733333333338
785,47.873000000000005
786,108.38300000000001
787,3.795548095238095
788,65.94633333333334
789,27.34490000000001
790,9.600033333333336
791,4.744391666666667
792,77.7064397058823
793,3.613841666666665
794,74.16099999999993
795,80.95881768009077
796,83.70533333333339
797,14.921226666666664
798,27.839333333333343
799,36.23600000000001
800,64.361
801,104.89233333333335
802,91.25819783549782
803,34.91042857142858
804,8.641333333333334
805,61.892157017363445
806,13.501404999999993
807,68.92344285714293
808,79.83157619047621
809,49.48893333333334
810,5.322615000000002
811,67.30206666666665
812,9.544566666666668
813,87.51506007034544
814,0.23895666666666668
815,25.05778888888889
816,27.894522727272705
817,30.84330000000001
818,64.81039999999996
819,77.7116303030303
820,6.128850000000001
821,7.636280000000003
822,2.352516666666669
823,79.552
824,65.06466666666667
825,76.86733333333332
826,56.78092876290374
827,7.295253333333338
828,29.301533333333314
829,1.8261966666666671
830,4.96865
831,12.722499999999991
832,11.99512238095238
833,69.61105315351311
834,30.631474603174603
835,3.2998900000000035
836,87.895
837,17.79432223665224
838,75.9103999999999
839,4.61835
840,19.653895346320354
841,2.790299999999998
842,12.546576190476197
843,7.615999999999991
844,45.97174487179488
845,30.816750000000006
846,68.42966666666662
847,1.4029299999999998
848,15.020899999999981
849,33.60146163780664
850,85.72160441176469
851,26.38600000000001
852,109.90750000000004
853,6.225420000000006
854,9.85073333333332
855,7.673299999999999
856,13.222616666666672
857,1.5470403333333342
858,68.81446666666666
859,99.039
860,10.462290000000012
861,103.49663055555556
862,23.738091666666673
863,51.025600000000004
864,5.357524999999999
865,5.802753999999998
866,35.587766666666674
867,27.742000000000004
868,125.50797474747476
869,41.95383333333334
870,16.755165000000005
871,56.86100000000001
872,78.657
873,16.15012499999999
874,31.707535714285726
875,1.960970000000001
876,11.876920606060605
877,79.67210952380954
878,3.970133333333329
879,89.84700000000001
880,1.5211650000000005
881,27.869544682539694
882,11.290816666666665
883,2.4395499999999997
884,7.2385751515151515
885,32.10001666666666
886,98.79999999999998
887,76.74849999999998
888,30.081399999999988
889,19.389269999999986
890,90.46401439393946
891,32.48846666666663
892,64.26649999999991
893,5.408593999999996
894,47.11430000000002
895,5.201400000000002
896,34.754399999999976
897,3.2129200000000004
898,61.627250000000004
899,2.010649999999997
900,7.722446666666669
901,6.408551428571432
902,20.236855952380953
903,22.052499999999995
904,5.20555281052281
905,5.1538888636363644
906,14.654016666666672
907,63.7509767857143
908,67.76148333333332
909,5.432981666666667
910,131.2168
911,77.06323968253976
912,2.3412743650793657
913,20.817733333333326
914,55.733000000000004
915,17.553163333333345
916,5.508691666666664
917,0.10085533333333334
918,6.475806666666672
919,63.0818
920,65.81660000000007
921,78.9466666666666
922,69.97100000000006
923,43.15499999999997
924,4.678029999999997
925,11.90773333333333
926,45.999
927,84.61589999999997
928,7.760800000000004
929,35.685566666666645
930,10.060879999999987
931,4.113809999999998
932,33.080488888888894
933,1.3846599999999998
934,81.18838333333332
935,43.151
936,30.843216666666653
937,16.734266666666684
938,81.10299999999997
939,75.338775
940,10.351073333333336
941,15.155466666666664
942,3.2370549999999993
943,75.39118732933734
944,8.16870833333333
945,19.28650000000001
946,17.11589222222222
947,6.509183333333337
948,72.51899999999999
949,4.36855
950,2.639772380952381
951,52.226525
952,17.07734761904761
953,65.3879999999999
954,4.773078571428572
955,6.316558333333335
956,70.10407020722094
957,4.1975121428571445
958,75.08981333333334
959,91.51742857142855
960,30.262583333333314
961,17.626150000000006
962,3.7661278666666664
963,87.77534999999997
964,80.60401666666667
965,80.17860809523812
966,57.4576
967,47.35749999999999
968,4.950861666666667
969,41.865
970,9.169533333333336
971,73.45673333333333
972,7.330343849206351
973,65.94633333333334
974,69.08438333333335
975,3.7191719047618994
976,13.82673809523809
977,3.7196966666666644
978,32.061499999999995
979,8.074449999999997
980,11.988600000000003
981,84.32483333333333
982,8.21017
983,2.676564999999998
984,3.1063466666666657
985,66.87313333333334
986,57.69049999999999
987,76.18083333333338
988,72.2575
989,105.5792
990,1.7046933333333336
991,2.0349376666666688
992,5.555049999999997
993,13.527633333333338
994,6.48516
995,66.4562
996,129.56659754689764
997,91.15449880619384
998,3.477286666666665
999,79.64329000000002
1000,17.40906428571428
1001,29.055833333333336
1002,55.5546
1003,4.929612857142853
1004,77.49689333333333
1005,21.529500000000006
1006,30.38059999999999
1007,7.187393333333334
1008,33.54135000000001
1009,50.93633333333333
1010,2.5780999999999987
1011,56.042283333333316
1012,115.98390000000003
1013,34.32130441722214
1014,4.115870714285715
1015,107.63383333333336
1016,79.00603333333333
1017,109.0465
1018,5.741880000000008
1019,5.214478809523813
1020,2.2723716666666673
1021,13.518299999999996
1022,32.5434
1023,21.81754285714286
1024,12.259500000000001
1025,6.454686666666662
1026,43.845021428571435
1027,90.06781682539685
1028,67.78055
1029,8.637833333333335
1030,55.37629999999999
1031,52.64783333333334
1032,15.715493333333328
1033,96.64749999999998
1034,49.325666666666656
1035,53.89723333333333
1036,30.09912222222223
1037,2.8819688999999995
1038,62.26133333333334
1039,7.322899999999997
1040,28.16620349206351
1041,56.78092876290374
1042,16.279033333333334
1043,70.75932956043953
1044,5.755939999999998
1045,5.265300000000002
1046,36.35309999999998
1047,103.70511547619047
1048,16.96773749999999
1049,20.135371428571425
1050,3.9547900000000014
1051,5.745799999999999
1052,4.272389999999998
1053,50.87171666666665
1054,27.12627043597742
1055,86.43745476190476
1056,38.863146825396825
1057,108.40900000000012
1058,8.822612976190475
1059,38.81774999999999
1060,40.344433333333335
1061,76.91153333333335
1062,12.383910000000006
1063,28.25998333333335
1064,2.3024175
1065,79.8602
1066,19.114350000000016
1067,91.15449880619384
1068,63.882011111111126
1069,4.409216666666663
1070,71.73400000000001
1071,58.85500000000001
1072,5.917199999999999
1073,8.167149999999998
1074,29.131114285714297
1075,5.779833333333336
1076,13.939833333333347
1077,11.364290833333325
1078,0.5924135000000003
1079,84.00574059061496
1080,82.3262130012455
1081,1.9414669999999996
1082,37.20496563333296
1083,5.700747619047622
1084,131.6074
1085,5.058108333333333
1086,13.626338333333335
1087,32.65961904761906
1088,107.40333333333334
1089,10.47026666666667
1090,11.29043333333334
1091,20.236855952380953
1092,16.3616625
1093,1.1786133333333333
1094,72.27183333333332
1095,34.7395
1096,90.46401439393946
1097,86.34145347985343
1098,8.049216666666668
1099,4.459399999999999
1100,80.69500740740739
1101,2.9180383333333344
1102,29.301533333333314
1103,85.18379996124224
1104,1.6827623333333346
1105,7.341989047619048
1106,22.145505000000007
1107,70.69161906981905
1108,6.138516666666668
1109,42.17400000000001
1110,85.87950000000001
1111,0.5575501404761903
1112,2.917526916666667
1113,48.912222222222226
1114,5.714150490196079
1115,60.783106666666654
1116,51.88549999999999
1117,127.0602138888889
1118,38.50693333333335
1119,61.12939999999999
1120,6.23725
1121,10.898199999999997
1122,3.2929019047619064
1123,6.32928181818182
1124,4.164806666666667
1125,72.98410000000001
1126,21.868517676767684
1127,15.624004761904763
1128,3.9762466666666665
1129,59.83651666666662
1130,79.90513564102562
1131,2.6284000000000027
1132,14.645066666666661
1133,72.54899999999999
1134,6.508749999999993
1135,5.809672666666667
1136,93.30535
1137,12.932499999999989
1138,77.25955636363638
1139,55.18033333333336
1140,74.086
1141,3.9439385714285726
1142,34.32130441722214
1143,17.3603
1144,3.4489000000000036
1145,4.571799999999997
1146,25.734714285714254
1147,1.499230000000001
1148,27.741233333333334
1149,11.74806666666666
1150,10.925609999999997
1151,11.805254761904765
1152,53.69399999999997
1153,89.31891666666665
1154,13.363100000000008
1155,48.1225
1156,72.8626
1157,53.529
1158,67.69066666666667
1159,21.160899999999998
1160,26.637878571428583
1161,85.78858357843136
1162,61.354299999999995
1163,75.35849999999998
1164,4.088743333333332
1165,5.933334166666664
1166,4.410636666666674
1167,91.69050000000001
1168,8.030743333333339
1169,3.5761735714285714
1170,25.804723809523804
1171,71.06658333333337
1172,62.73702857142857
1173,3.3085300000000024
1174,4.056876583333332
1175,60.99487500000006
1176,45.38230000000003
1177,14.559019999999991
1178,71.18549999999999
1179,41.71300000000002
1180,15.537680000000021
1181,4.584399999999996
1182,16.901433333333326
1183,82.31261293151292
1184,3.424151666666665
1185,74.17856666666665
1186,4.063740000000005
1187,3.772455000000002
1188,13.803666666666654
1189,91.59236190476192
1190,7.002362499999991
1191,10.167530000000001
1192,3.9868083333333346
1193,85.86406071428583
1194,86.09533333333333
1195,66.207
1196,8.99115
1197,5.430243333333334
1198,3.3748416666666667
1199,5.409566666666667
1200,13.945557142857142
1201,29.29
1202,55.54165833333331
1203,89.64322460317462
1204,31.345338399933397
1205,36.13105333333335
1206,41.16690000000001
1207,12.697696666666662
1208,79.81210850582596
1209,25.29993452380952
1210,2.6991460000000016
1211,2.8803799999999997
1212,85.18379996124224
1213,7.886699999999995
1214,14.93543333333333
1215,23.029228761904765
1216,24.10441666666667
1217,105.57050000000001
1218,79.53399999999998
1219,72.6559
1220,2.9307474999999994
1221,117.81998333333335
1222,80.83088527167281
1223,35.275999999999996
1224,20.84024999999999
1225,2.897680000000002
1226,14.376700000000007
1227,4.413783333333335
1228,4.747450000000003
1229,45.39856666666667
1230,27.459999999999994
1231,19.95404999999998
1232,23.851314285714285
1233,20.068208333333335
1234,75.78750736842106
1235,44.821727272727266
1236,74.28249999999996
1237,92.78566666666667
1238,2.930139999999997
1239,77.03173000000011
1240,24.466099999999997
1241,19.97066666666664
1242,38.863146825396825
1243,10.0928
1244,49.48893333333334
1245,4.898655000000005
1246,5.941570833333332
1247,37.826633333333355
1248,100.63816666666663
1249,3.801900000000004
1250,44.05490000000002
1251,6.49331666666667
1252,2.5904666666666696
1253,39.23616158730156
1254,70.91044054834056
1255,6.01994
1256,64.6030261904762
1257,48.49950000000002
1258,77.57845000000003
1259,30.199633333333303
1260,2.4312891666666676
1261,64.11603333333335
1262,71.45180952380959
1263,6.4820666666666655
1264,78.17756102575173
1265,34.216000000000015
1266,14.453683333333329
1267,16.096199999999982
1268,11.798899999999998
1269,55.41479999999998
1270,23.616
1271,61.78000000000001
1272,3.5820999999999987
1273,14.829683333333332
1274,21.684166666666666
1275,9.775325
1276,79.59633333333333
1277,80.587
1278,6.3775999999999975
1279,25.909274298245606
1280,91.51742857142855
1281,3.446050000000003
1282,25.064599999999995
1283,10.11838666666667
1284,3.182389999999998
1285,14.99008333333333
1286,11.077733333333324
1287,92.21900000000004
1288,5.715492499999999
1289,3.283820000000002
1290,31.612011764705876
1291,34.80475
1292,2.8430724999999977
1293,78.41264999999997
1294,3.650310000000001
1295,5.012366666666666
1296,85.18379996124224
1297,75.608
1298,28.354899999999976
1299,70.48220000000006
1300,66.02606666666665
1301,35.268
1302,3.785866666666666
1303,5.226729166666667
1304,4.313298700000001
1305,3.115517460317459
1306,86.11260000000001
1307,26.65889999999999
1308,1.503865999999999
1309,74.41143428571428
1310,5.134178333333333
1311,33.66811666666666
1312,46.90625
1313,6.305933333333332
1314,38.037000000000006
1315,67.64246666666666
1316,20.07
1317,4.449143
1318,30.100936349206354
1319,34.94381666666668
1320,4.701106666666673
1321,2.619600366666666
1322,3.148899999999999
1323,22.683999999999973
1324,15.268300000000012
1325,4.124233333333333
1326,32.19399999999999
1327,5.323312692307694
1328,12.375900000000003
1329,15.57963333333332
1330,81.64686363636368
1331,44.730666666666664
1332,4.445550000000001
1333,78.72974666666664
1334,2.6507199999999993
1335,114.78528333333334
1336,12.913783333333342
1337,3.2486750000000004
1338,53.554466666666656
1339,54.913500000000006
1340,86.02330000000003
1341,13.183900000000008
1342,19.1204817314754
1343,56.16746666666666
1344,5.249300000000001
1345,0.6404716904761908
1346,28.198133333333327
1347,14.456835851370851
1348,8.85429999999999
1349,77.17978554778556
1350,74.70689946428571
1351,15.155466666666664
1352,3.279555333333333
1353,6.954699999999999
1354,66.39809999999996
1355,9.064233333333345
1356,6.1651000000000025
1357,8.008418333333326
1358,22.787914285714287
1359,1.8261966666666671
1360,3.7688633333333343
1361,13.592666666666675
1362,3.5332399999999997
1363,11.149966666666662
1364,12.90870000000001
1365,4.6278733333333335
1366,31.057933333333335
1367,32.8945
1368,63.93049999999992
1369,81.31699999999998
1370,3.4212700000000034
1371,6.668364999999997
1372,78.59802575757575
1373,2.9636250000000017
1374,9.671216666666679
1375,19.909338455143885
1376,3.2849624999999993
1377,0.7936799999999994
1378,21.445897619047624
1379,48.077000000000005
1380,10.350511999999997
1381,4.072358333333335
1382,18.963533333333327
1383,2.4183033333333337
1384,6.198103666666667
1385,4.311465833333332
1386,4.274583333333329
1387,4.397379999999996
1388,1.7763805952380962
1389,78.17756102575173
1390,35.43458904761907
1391,37.20496563333296
1392,69.74445000000003
1393,90.69741666666667
1394,30.39953333333332
1395,14.655396666666652
1396,2.8593705357142847
1397,9.086808333333328
1398,5.932223333333335
1399,19.696899999999978
1400,5.427870000000005
1401,11.68053
1402,15.209612463924957
1403,5.153936666666666
1404,3.7594999999999983
1405,30.882600000000007
1406,51.92519999999999
1407,5.816340000000002
1408,4.7241066666666685
1409,104.89233333333335
1410,5.092295000000003
1411,8.128316666666667
1412,6.401309999999998
1413,4.567278333333334
1414,6.668235000000003
1415,0.6721297976190479
1416,114.0880238095238
1417,78.04927272727275
1418,17.20274166666666
1419,55.10093333333329
1420,91.3570476190476
1421,28.12776666666667
1422,79.06191804029304
1423,17.69569999999999
1424,119.32170000000002
1425,58.38402399999999
1426,81.9310833333333
1427,48.56274999999999
1428,6.485100000000005
1429,69.27223333333332
1430,7.8521
1431,15.837350000000015
1432,9.463635714285717
1433,4.3733376190476205
1434,84.30250000000004
1435,65.9383333333334
1436,63.19050000000007
1437,11.672342619047619
1438,54.19296666666667
1439,4.546680833333331
1440,56.78092876290374
1441,5.109698333333334
1442,18.38715000000001
1443,11.048733333333335
1444,75.8655
1445,6.01994
1446,68.98900000000006
1447,3.805300000000003
1448,89.40050000000001
1449,78.98030000000001
1450,26.637878571428583
1451,78.023
1452,13.576966666666666
1453,4.126766666666668
1454,4.9241833333333345
1455,71.1324373809524
1456,72.60590000000003
1457,20.557500000000026
1458,31.075540894660936
1459,6.039156666666669
1460,78.15180234254996
1461,71.46793333333333
1462,72.75293333333335
1463,5.2003200000000085
1464,53.87788666666666
1465,9.440266666666664
1466,14.477199999999987
1467,51.99610000000003
1468,23.384999999999987
1469,36.86603333333334
1470,23.033183333333337
1471,12.038599999999999
1472,61.892157017363445
1473,49.75383333333333
1474,27.49576666666667
1475,75.66950839371987
1476,71.00023333333336
1477,43.845021428571435
1478,87.4089300984772
1479,3.6188499999999992
1480,50.31079999999999
1481,28.097412273837254
1482,8.548321111111115
1483,50.14896666666666
1484,3.1508931833333325
1485,70.80163333333334
1486,33.411100000000005
1487,15.306783333333337
1488,23.79943333333334
1489,72.94900000000001
1490,9.300177777777781
1491,6.314058333333338
1492,110.49850000000013
1493,84.99200000000005
1494,19.38619321789322
1495,76.01246666666667
1496,10.681083333333339
1497,76.25399999999999
1498,1.2263916666666665
1499,28.558079999999965
1500,4.127475000000001
1501,32.5333
1502,27.510042901265393
1503,38.532
1504,68.94649999999996
1505,28.854966666666684
1506,44.83615000000003
1507,5.6622
1508,6.408551428571432
1509,2.909800000000003
1510,11.503842619047619
1511,31.643679999999986
1512,4.729699999999997
1513,18.51499999999999
1514,19.37952142857144
1515,15.743000000000013
1516,24.317288095238094
1517,34.661
1518,4.163925833333333
1519,3.5972000000000026
1520,71.74291666666669
1521,3.5362499999999972
1522,8.641333333333334
1523,11.736739761904762
1524,46.29112857142859
1525,32.482699999999966
1526,17.472099999999998
1527,73.68695238095239
1528,4.616350000000004
1529,85.18379996124224
1530,5.277738095238098
1531,2.1305116666666666
1532,0.8135687499999987
1533,11.584430000000003
1534,59.65300000000001
1535,7.797200000000005
1536,4.197069999999999
1537,7.381549999999994
1538,42.35066666666664
1539,3.833099999999999
1540,0.2725966666666668
1541,34.237625
1542,7.630706666666672
1543,68.163
1544,5.150886666666656
1545,13.144485714285713
1546,69.96039999999999
1547,67.58220000000003
1548,92.28777160894658
1549,76.25399999999999
1550,54.284825
1551,56.45951666666673
1552,5.860199999999993
1553,7.409923452380951
1554,28.599080000000004
1555,0.7440237857142862
1556,6.291025000000006
1557,29.802030769230768
1558,9.232153333333333
1559,8.911557142857134
1560,10.46709999999999
1561,75.21900000000001
1562,52.437066666666716
1563,91.59236190476192
1564,81.41399999999997
1565,17.712547619047644
1566,78.55870000000004
1567,21.78000000000001
1568,24.241
1569,86.0656547619048
1570,4.596100000000002
1571,106.05783333333329
1572,3.241919999999999
1573,8.570000000000002
1574,43.44820333333337
1575,10.811169999999999
1576,124.93266666666665
1577,30.54923055555555
1578,20.582333333333324
1579,24.132
1580,40.30833333333334
1581,2.9164339999999997
1582,37.869816666666686
1583,2.8324950000000007
1584,46.527203968253964
1585,4.096608583333333
1586,103.21980303030303
1587,91.25819783549782
1588,69.69890833333335
1589,103.92286111111112
1590,34.907058333333325
1591,3.0984200000000017
1592,55.599700000000006
1593,57.05682619047613
1594,72.03536666666668
1595,10.109849999999987
1596,15.824616666666675
1597,6.4640499999999985
1598,83.37371666666667
1599,59.048899999999996
1600,6.302769999999999
1601,55.529470833333335
1602,14.953253333333334
1603,113.61328333333331
1604,6.305933333333332
1605,17.513099999999984
1606,55.81400000000005
1607,1.7854909523809532
1608,98.43885714285715
1609,32.545266666666635
1610,69.67626000000001
1611,91.25819783549782
1612,59.88289999999994
1613,113.73600000000002
1614,4.343394999999999
1615,88.30982549400491
1616,44.272600000000004
1617,56.0788982683983
1618,70.74514285714292
1619,33.60146163780664
1620,1.122759333333333
1621,3.477286666666665
1622,48.79249999999999
1623,4.4520025
1624,0.9992700000000014
1625,54.394730158730155
1626,3.6904233333333356
1627,18.43593333333332
1628,21.16320000000001
1629,86.43745476190476
1630,62.284475000000015
1631,85.18379996124224
1632,71.068
1633,6.260550000000002
1634,16.264522380952375
1635,4.398025000000001
1636,6.278941666666669
1637,76.16089999999997
1638,24.36542535714287
1639,84.80900000000005
1640,23.985900000000004
1641,95.79358333333333
1642,2.2153316666666685
1643,106.56949999999998
1644,4.695201587301586
1645,92.4072380952381
1646,2.2728966666666692
1647,16.737999999999996
1648,113.75733333333334
1649,3.072796904761904
1650,3.356219999999999
1651,20.371999999999993
1652,83.64575825396832
1653,16.916200000000007
1654,3.834566666666666
1655,2.7490499999999987
1656,10.957681666666668
1657,64.54719047619047
1658,0.780932
1659,105.5792
1660,1.2182833333333327
1661,61.892157017363445
1662,3.336380000000001
1663,38.17183333333334
1664,4.008100000000003
1665,4.413587366666667
1666,15.209612463924957
1667,17.561675
1668,52.41173333333338
1669,85.61716314306612
1670,68.74313333333335
1671,4.537974142857141
1672,77.4945658333333
1673,44.675999999999995
1674,7.772499999999999
1675,78.17756102575173
1676,6.327000000000001
1677,4.506456333333328
1678,56.358000000000004
1679,8.151175
1680,80.90100000000002
1681,3.1166433333333314
1682,2.818829333333337
1683,87.10913011904763
1684,36.179428571428595
1685,26.54433333333333
1686,1.9844833333333332
1687,10.379379047619041
1688,30.18725
1689,7.8047850000000025
1690,43.3275
1691,90.56977611832612
1692,6.6157766666666635
1693,2.3429799999999967
1694,2.774833333333333
1695,75.92759166666667
1696,75.11149999999999
1697,7.380199999999997
1698,91.59236190476192
1699,1.3333599999999997
1700,76.76589999999997
1701,3.7371549999999987
1702,59.680499999999995
1703,52.111
1704,25.409258333333327
1705,7.146654999999999
1706,80.1533
1707,78.55147142857142
1708,86.83779999999999
1709,76.33514285714286
1710,30.157619999999987
1711,6.852209289321789
1712,5.423109999999998
1713,6.488850000000002
1714,12.038599999999999
1715,51.915166666666664
1716,61.892157017363445
1717,107.63783333333336
1718,7.069942380952383
1719,62.03900000000003
1720,20.428900000000027
1721,81.98299999999999
1722,10.221499999999995
1723,4.124233333333333
1724,5.7619994047619025
1725,72.04584285714284
1726,97.75750000000002
1727,68.94300000000003
1728,26.49816666666667
1729,78.17756102575173
1730,57.35075
1731,115.8051525974026
1732,5.64805
1733,21.210072222222223
1734,25.734714285714254
1735,26.160157723665222
1736,6.911200000000003
1737,13.867304999999995
1738,46.99200000000002
1739,2.8819688999999995
1740,3.7556499999999993
1741,0.7018888333333336
1742,51.99610000000003
1743,51.507600000000004
1744,29.300133333333346
1745,4.91398404761905
1746,2.6502158333333354
1747,4.410636666666674
1748,24.184664999999995
1749,28.0564
1750,4.2844999999999995
1751,1.2834899999999996
1752,7.5828050000000005
1753,5.911916666666669
1754,109.79797619047622
1755,8.703661666666662
1756,3.1241133333333346
1757,0.6404716904761908
1758,57.6742
1759,24.194899999999997
1760,8.177961666666668
1761,4.731260714285716
1762,1.084847199999999
1763,45.162
1764,21.81754285714286
1765,6.113275
1766,82.98124494949494
1767,56.78092876290374
1768,50.140205555555546
1769,83.21879430641825
1770,9.55621428571429
1771,7.776633333333336
1772,73.80446666666661
1773,62.123971428571366
1774,3.4377499999999968
1775,8.195908333333334
1776,87.95486745607339
1777,73.50216809523813
1778,72.67800000000001
1779,28.337549999999997
1780,58.96057063492061
1781,9.433266666666668
1782,32.666033333333324
1783,3.324796199999997
1784,37.732299999999995
1785,12.661333333333339
1786,4.51207
1787,72.53047878787879
1788,48.988
1789,2.315599999999998
1790,74.65166666666669
1791,94.65100000000002
1792,6.262811666666672
1793,77.40233333333342
1794,11.424419999999996
1795,5.775747738095239
1796,14.522530952380949
1797,27.17456
1798,55.4213
1799,2.9249671428571418
1800,5.459033333333341
1801,19.38619321789322
1802,47.791000000000004
1803,34.32130441722214
1804,14.946876666666661
1805,2.885669999999998
1806,15.895250000000017
1807,6.781686666666668
1808,11.805254761904765
1809,3.7610841666666666
1810,74.44066666666667
1811,92.73775000000002
1812,1.5049999999999992
1813,4.837849999999999
1814,32.99251692085692
1815,1.960970000000001
1816,17.199799999999986
1817,88.4083
1818,37.89613333333334
1819,18.971949999999993
1820,46.143663492063496
1821,69.95520833333335
1822,10.474000000000004
1823,4.380815238095239
1824,14.549516666666662
1825,14.458800000000002
1826,64.30916388888888
1827,63.224999999999994
1828,75.3163938894439
1829,3.096516666666667
1830,91.3570476190476
1831,64.22593333333333
1832,81.36184426406926
1833,2.357764866666668
1834,2.5768933333333344
1835,3.221390000000004
1836,73.47219166666672
1837,7.904899999999989
1838,88.19439999999999
1839,18.73100000000001
1840,86.27044999999998
1841,109.873
1842,62.96126666666669
1843,6.917899999999996
1844,29.891333333333332
1845,85.18379996124224
1846,50.80125
1847,37.20496563333296
1848,2.555070000000001
1849,5.1538888636363644
1850,4.875336666666669
1851,125.50797474747476
1852,2.018591333333332
1853,2.2490947619047628
1854,52.892898268398255
1855,60.98619999999999
1856,14.7279
1857,90.66099999999997
1858,77.97019999999999
1859,19.890199999999982
1860,16.950478333333326
1861,20.036880952380958
1862,3.9120246666666714
1863,80.10636666666662
1864,25.381199999999993
1865,12.3096
1866,120.98638095238096
1867,23.134699999999988
1868,2.2490947619047628
1869,30.437
1870,10.982900000000003
1871,104.96116666666668
1872,26.54433333333333
1873,91.19865833333338
1874,51.507600000000004
1875,38.022
1876,4.036511904761905
1877,109.90750000000004
1878,28.49488095238095
1879,81.97499999999997
1880,78.04393888888893
1881,132.36220000000014
1882,7.712700000000011
1883,26.865843650793646
1884,70.75399999999999
1885,60.538149999999966
1886,8.263324999999996
1887,15.450100000000004
1888,28.600633333333327
1889,5.700747619047622
1890,80.90100000000002
1891,61.658233333333335
1892,6.262811666666672
1893,10.63079444444444
1894,28.984511111111114
1895,70.53640512820515
1896,4.041671666666665
1897,5.917199999999999
1898,18.230907142857152
1899,3.7723643333333308
1900,16.155900000000013
1901,19.1204817314754
1902,5.47807
1903,12.99326666666665
1904,22.16449999999999
1905,35.95570000000001
1906,81.03458333333334
1907,13.34526666666667
1908,71.79922023809524
1909,27.75589523809525
1910,25.8576
1911,9.092597149517154
1912,3.577775
1913,8.649195
1914,66.68415
1915,112.20000000000002
1916,36.928799999999995
1917,31.63499999999996
1918,70.08799999999997
1919,28.40429999999998
1920,8.388370000000002
1921,32.3041
1922,4.306953333333331
1923,5.750680000000002
1924,1.271812
1925,86.62400000000001
1926,85.20302500000001
1927,17.38040833333336
1928,28.854650000000003
1929,3.4987120000000003
1930,1.2048333333333345
1931,23.416066666666662
1932,4.061360714285711
1933,3.1510033333333336
1934,8.274658571428574
1935,7.737400000000003
1936,47.413999999999994
1937,103.49663055555556
1938,63.5942
1939,80.89256666666665
1940,36.454999999999956
1941,61.892157017363445
1942,13.408199999999992
1943,48.1464
1944,12.872499999999995
1945,14.560030952380949
1946,3.2978199999999998
1947,7.146654999999999
1948,6.485726904761905
1949,1.4338499999999996
1950,36.60861875
1951,3.813299999999998
1952,8.571757976190474
1953,6.2176833333333335
1954,9.623516666666667
1955,18.778129045272713
1956,83.50267228070177
1957,5.20555281052281
1958,5.203473333333334
1959,63.38450000000001
1960,21.45423333333335
1961,8.749500833333334
1962,19.186750000000014
1963,85.61716314306612
1964,27.160440541125528
1965,3.7476636190476182
1966,60.908100000000005
1967,6.073025000000001
1968,6.8676200000000005
1969,3.766600000000005
1970,3.2998900000000035
1971,46.41861111111111
1972,79.55415217666696
1973,81.77464285714282
1974,16.526272727272737
1975,48.02780000000005
1976,33.875699999999966
1977,17.372478333333326
1978,18.545607142857158
1979,9.920139999999996
1980,66.34846666666668
1981,6.980789999999993
1982,32.18459523809524
1983,0.24084999999999993
1984,53.93600000000001
1985,48.912222222222226
1986,78.17756102575173
1987,56.34738333333332
1988,4.410636666666674
1989,16.730300000000017
1990,79.8084136363636
1991,86.55002321428574
1992,4.926363333333332
1993,105.535
1994,88.34812023809522
1995,2.058625714285712
1996,16.95938333333333
1997,65.21423333333338
1998,24.12009999999999
1999,37.20496563333296
2000,40.43671666666667
2001,7.541142857142863
2002,88.43383333333328
2003,37.20496563333296
2004,2.2490947619047628
2005,79.2532
2006,6.275268333333332
2007,12.570533333333326
2008,1.889315999999998
2009,24.012533333333316
2010,74.85473333333337
2011,10.683279999999998
2012,61.48199999999999
2013,4.423150000000003
2014,62.69841666666666
2015,24.293499999999998
2016,58.847
2017,60.65179999999999
2018,98.03850000000003
2019,47.94683333333332
2020,29.647449999999985
2021,17.35354999999998
2022,19.091813347763345
2023,74.16899999999998
2024,27.322000000000006
2025,17.472099999999998
2026,91.46242698412703
2027,16.79833333333333
2028,9.457766666666672
2029,92.05166666666669
2030,7.868224999999998
2031,0.7711991666666664
2032,23.842599999999997
2033,77.869
2034,119.52797619047622
2035,85.18379996124224
2036,18.46314285714285
2037,13.34526666666667
2038,39.83900000000001
2039,10.165619999999993
2040,3.5859500000000026
2041,3.461469999999998
2042,22.22123333333333
2043,79.81210850582596
2044,66.08760624999998
2045,29.955152380952416
2046,5.618871666666666
2047,26.715999999999998
2048,116.84153571428564
2049,7.785621428571421
2050,34.32130441722214
2051,5.739083333333339
2052,75.35855000000004
2053,17.044037500000005
2054,4.383141666666667
2055,34.658500000000004
2056,62.50696666666665
2057,62.45084999999998
2058,1.3067000000000013
2059,9.637089999999993
2060,88.988
2061,4.137070000000002
2062,75.96806666666666
2063,77.25308780487804
2064,55.51832976190473
2065,81.16699999999997
2066,29.390333333333327
2067,90.56977611832612
2068,7.180700000000002
2069,22.683999999999973
2070,5.160700000000003
2071,86.55002321428574
2072,3.972699833333337
2073,77.03173000000011
2074,4.505375000000002
2075,6.064749999999996
2076,29.274589804639803
2077,10.53847
2078,3.962733095238097
2079,114.59499999999997
2080,5.189935714285713
2081,70.79055
2082,83.12866666666677
2083,71.00425454545457
2084,68.81446666666666
2085,1.8975300000000006
2086,87.78444999999996
2087,81.80349999999993
2088,74.26041666666669
2089,129.16205
2090,6.452824999999998
2091,9.328649999999993
2092,53.06523333333335
2093,20.8052
2094,5.123850000000001
2095,1.8261966666666671
2096,2.9573999999999985
2097,30.451599999999996
2098,92.28145
2099,9.79586666666668
2100,3.722623333333333
2101,3.2998900000000035
2102,51.48199999999999
2103,85.82803705796783
2104,3.3819388888888944
2105,6.1123999999999965
2106,86.7235
2107,19.617742712842695
2108,36.370900000000006
2109,0.47566199999999975
2110,3.035733333333332
2111,15.398631786812228
2112,9.538849999999995
2113,17.472099999999998
2114,6.31662166666667
2115,7.19448520959596
2116,5.7619994047619025
2117,31.643679999999986
2118,76.6245
2119,77.29486666666668
2120,22.755054000000005
2121,52.65574285714286
2122,10.645966666666668
2123,75.46775000000001
2124,0.1511523125
2125,77.0062445887446
2126,17.15810000000002
2127,57.983999999999995
2128,4.442393333333332
2129,73.85999999999999
2130,34.9554166666667
2131,47.77406666666667
2132,12.568440476190471
2133,76.24000000000004
2134,24.945492857142845
2135,2.27284
2136,17.761261904761923
2137,5.61615666666667
2138,1.535224999999999
2139,9.934599999999998
2140,78.17756102575173
2141,4.778400000000001
2142,5.2238639285714275
2143,89.18650000000001
2144,88.71522857142854
2145,85.25619999999999
2146,7.546077500000004
2147,68.95093333333334
2148,46.38799999999998
2149,31.801
2150,6.422183333333331
2151,26.045920000000006
2152,55.70493095238093
2153,9.487886666666666
2154,65.7586264285714
2155,66.00580000000004
2156,65.84420000000003
2157,26.490226666666672
2158,15.630700000000017
2159,17.360933333333328
2160,21.861499999999992
2161,63.7509767857143
2162,5.1751371428571415
2163,32.1765
2164,28.690950000000015
2165,2.2728966666666692
2166,55.17099999999999
2167,5.731297142857139
2168,7.818525000000002
2169,85.18379996124224
2170,129.56659754689764
2171,26.357500000000012
2172,0.06329999999999995
2173,76.38220000000001
2174,70.57991666666663
2175,2.518243333333332
2176,6.915141666666666
2177,17.354733333333332
2178,5.612286666666665
2179,44.514833333333335
2180,77.17978554778556
2181,5.47807
2182,59.833999999999996
2183,2.4183033333333337
2184,91.78015714285715
2185,100.5138333333333
2186,91.83075000000001
2187,67.46683333333335
2188,76.00703478260878
2189,26.464200000000005
2190,4.980519999999996
2191,80.24292575757576
2192,4.341238333333334
2193,69.89772878787879
2194,3.09418
2195,18.24173095238095
2196,23.851314285714285
2197,20.28440696969697
2198,1.3238699999999994
2199,10.765100000000002
2200,6.005366666666661
2201,9.828700000000001
2202,25.176000000000002
2203,27.243349999999996
2204,77.59550000000002
2205,129.16205
2206,65.94633333333334
2207,61.43290000000001
2208,1.9855921428571413
2209,29.135407142857144
2210,37.20496563333296
2211,35.43458904761907
2212,7.8623333333333365
2213,4.560569444444445
2214,28.90857222222222
2215,73.56689999999999
2216,2.922747500000001
2217,26.31077835497837
2218,72.80099999999993
2219,66.01366666666668
2220,91.1015
2221,13.536314285714292
2222,7.409923452380951
2223,5.057686200000003
2224,16.7636
2225,3.588294999999996
2226,5.688771666666667
2227,78.48766347687402
2228,16.780699999999985
2229,67.74626666666668
2230,74.3735
2231,28.041729999999994
2232,72.71820425583186
2233,84.84700000000007
2234,80.0429276873292
2235,125.9742
2236,3.535469000000002
2237,81.18100000000005
2238,4.882049999999997
2239,11.040657142857146
2240,24.01543999999999
2241,4.245910000000002
2242,73.868
2243,21.135997023809526
2244,2.1021799999999984
2245,63.19575
2246,7.108400000000004
2247,5.309680000000002
2248,57.59963333333332
2249,3.139499999999998
2250,4.564400000000001
2251,16.197399999999988
2252,55.35839999999997
2253,16.579399999999993
2254,67.8064833333333
2255,92.27866666666667
2256,2.7836783333333317
2257,56.78092876290374
2258,2.476049999999999
2259,53.20035
2260,16.62503537018537
2261,7.3012716666666675
2262,73.46099999999997
2263,16.025430952380944
2264,17.472099999999998
2265,9.442283333333338
2266,51.70899999999999
2267,33.361500000000035
2268,21.682249999999986
2269,4.041671666666665
2270,14.47149999999999
2271,0.30463999999999986
2272,9.883750000000001
2273,30.621250000000018
2274,102.2447999999999
2275,32.666033333333324
2276,40.014149999999994
2277,29.50411333333333
2278,98.36904761904765
2279,10.324899999999992
2280,11.193638809523806
2281,34.130066666666664
2282,5.776149999999997
2283,35.18823333333333
2284,76.19658333333327
2285,18.624949999999977
2286,100.1601666666667
2287,85.72231904761905
2288,10.272123333333337
2289,61.19994444444443
2290,47.83399999999999
2291,81.55769999999998
2292,54.18574801587304
2293,3.4246841428571435
2294,27.948563333333333
2295,44.4576
2296,2.843396666666666
2297,67.35225
2298,6.824716666666672
2299,61.354299999999995
2300,0.5575501404761903
2301,38.863146825396825
2302,74.32150000000003
2303,51.507600000000004
2304,3.672069666666668
2305,2.729616000000002
2306,6.586776666666664
2307,7.373638333333333
2308,79.99459999999998
2309,15.294400000000005
2310,7.615550000000002
2311,16.03073333333333
2312,66.898
2313,4.3106
2314,11.411133333333334
2315,2.393615000000001
2316,41.653999999999996
2317,12.485847619047618
2318,22.440233333333325
2319,8.679727777777778
2320,50.649500000000025
2321,18.781804761904763
2322,91.59236190476192
2323,85.18379996124224
2324,55.21500000000002
2325,3.987136666666669
2326,20.082233333333335
2327,4.199899999999996
2328,4.72703333333334
2329,24.10441666666667
2330,2.0592833333333327
2331,19.014625000000013
2332,33.758833333333335
2333,83.05110000000005
2334,15.535200000000014
2335,32.587802380952404
2336,2.3632268095238107
2337,74.91600000000001
2338,5.47807
2339,3.865249999999998
2340,21.81754285714286
2341,78.17756102575173
2342,12.339393333333346
2343,2.9901758166666674
2344,16.352899999999998
2345,3.8949899999999955
2346,114.22683333333335
2347,68.555
2348,91.43717316017324
2349,50.33860000000002
2350,38.863146825396825
2351,8.07445833333333
2352,22.72805
2353,6.106638333333335
2354,3.023636666666667
2355,105.46
2356,1.3564599999999998
2357,2.389794938095237
2358,26.675000000000022
2359,50.737899999999996
2360,7.888766666666668
2361,14.23056666666666
2362,10.725849999999996
2363,8.001163333333333
2364,2.9703402749999994
2365,35.3218683860222
2366,5.79624
2367,7.741856666666665
2368,33.327004704184716
2369,90.46401439393946
2370,112.58274999999999
2371,3.077701666666666
2372,21.60023999999998
2373,61.740750000000006
2374,76.34791428571428
2375,21.74325000000003
2376,7.052466666666667
2377,4.0380999999999965
2378,4.192612499999998
2379,104.96116666666668
2380,0.7270104166666655
2381,129.56659754689764
2382,8.858299999999996
2383,1.399623451666666
2384,27.88
2385,5.226685000000001
2386,81.64996666666669
2387,29.908999999999992
2388,2.455959999999997
2389,5.214226666666665
2390,3.942669444444444
2391,66.00580000000004
2392,3.904289999999999
2393,42.82276666666666
2394,5.487800000000001
2395,74.59200000000006
2396,18.7984
2397,70.04849999999998
2398,73.51366666666668
2399,40.30833333333334
2400,83.43333333333332
2401,10.148533333333342
2402,74.93422333333335
2403,54.014
2404,4.82479666666667
2405,5.8368166666666745
2406,3.115517460317459
2407,86.64637163507646
2408,6.403009999999998
2409,11.981257142857151
2410,91.40300000000006
2411,0.9088942857142855
2412,12.829969047619045
2413,9.060800000000002
2414,1.5475766666666666
2415,4.38495
2416,42.53113333333334
2417,6.239823571428575
2418,119.37953333333333
2419,10.62354
2420,7.409923452380951
2421,78.17756102575173
2422,84.69279761904764
2423,69.7274
2424,5.3171433333333376
2425,10.513705333333341
2426,6.036666666666663
2427,6.847117348484847
2428,11.676549999999999
2429,63.60710000000004
2430,29.499088095238076
2431,13.802346666666663
2432,81.55255220588234
2433,5.9919
2434,12.068519047619047
2435,66.14149999999995
2436,89.27150000000009
2437,25.01688888888888
2438,12.737460000000006
2439,5.39504166666667
2440,60.818850000000026
2441,113.33436688311689
2442,74.88073333333335
2443,94.75980000000003
2444,125.50797474747476
2445,73.80446666666661
2446,67.25600000000003
2447,6.594466666666667
2448,88.34812023809522
2449,37.163000000000046
2450,28.68399999999999
2451,108.40900000000012
2452,24.35676666666666
2453,6.04662333333333
2454,4.546680833333331
2455,13.522266666666667
2456,15.715493333333328
2457,34.34075602453103
2458,2.2760783333333343
2459,54.07169999999997
2460,10.419273666666673
2461,74.80846666666666
2462,17.31283333333333
2463,7.702046666666668
2464,5.20555281052281
2465,20.730350000000016
2466,76.25399999999999
2467,37.02223333333335
2468,6.465275000000002
2469,21.775
2470,34.57900000000001
2471,15.715493333333328
2472,41.59883333333333
2473,16.75214047619047
2474,3.528226333333334
2475,80.61034999999995
2476,16.483099999999997
2477,58.758
2478,3.5712241666666666
2479,9.0506
2480,9.895500000000004
2481,90.46401439393946
2482,75.8671766666667
2483,1.3654899999999994
2484,105.28433333333334
2485,5.521863428571429
2486,54.72076666666667
2487,3.477286666666665
2488,21.881028571428565
2489,20.84024999999999
2490,37.633500000000026
2491,39.19649999999999
2492,32.741156190476225
2493,19.61082083333333
2494,56.509891666666675
2495,10.3448
2496,47.01349999999999
2497,98.35300000000001
2498,104.81600000000005
2499,28.40429999999998
2500,21.818199999999987
2501,39.72351
2502,6.623573412698415
2503,102.59566666666667
2504,119.42666666666672
2505,88.083
2506,89.89491904761906
2507,2.803781666666671
2508,26.460241666666665
2509,14.18928333333334
2510,47.90200000000002
2511,8.971683333333335
2512,10.977319533333333
2513,8.997700000000012
2514,21.120840476190484
2515,71.08997023809516
2516,64.74073952380952
2517,84.00574059061496
2518,68.059
2519,3.505696666666666
2520,34.07695333333333
2521,26.81570476190477
2522,3.685087366666669
2523,83.64575825396832
2524,20.551264999999987
2525,85.72231904761905
2526,83.7804454545455
2527,17.822599999999998
2528,6.919125000000004
2529,53.08100000000001
2530,7.474396590354084
2531,1.0846038666666658
2532,8.6126
2533,3.7063969841269846
2534,86.43745476190476
2535,44.48866666666666
2536,15.7761
2537,8.888833333333338
2538,103.92286111111112
2539,17.52582352941176
2540,70.83341428571427
2541,30.477800000000038
2542,27.62597941919192
2543,19.270906060606073
2544,37.81100000000004
2545,7.268205904761908
2546,20.791764285714294
2547,4.4740733333333305
2548,78.17756102575173
2549,75.19110833333332
2550,7.650893333333334
2551,16.627050000000004
2552,71.96650000000001
2553,4.269257142857138
2554,2.108833333333331
2555,33.84975
2556,4.1659733333333335
2557,7.608700000000006
2558,3.3488800000000007
2559,3.443899999999999
2560,33.86988095238095
2561,25.826099999999997
2562,28.46816666666666
2563,20.116238095238092
2564,18.277566666666683
2565,3.5178500000000033
2566,37.64504761904761
2567,1.4748966666666667
2568,8.472641428571434
2569,2.9560949999999995
2570,7.873966666666678
2571,71.17699999999999
2572,2.371966666666668
2573,67.86609000000003
2574,58.579508333333344
2575,2.4166000000000007
2576,51.80840000000001
2577,2.4320192857142855
2578,1.6502966666666674
2579,85.18379996124224
2580,51.70385666666665
2581,4.766183333333325
2582,2.8018666666666654
2583,12.158599999999996
2584,14.045992857142862
2585,72.46530000000001
2586,62.50952222222222
2587,9.363158333333333
2588,56.49630000000001
2589,8.779636666666667
2590,53.209921428571405
2591,6.614263333333334
2592,26.55800000000002
2593,80.50750714285712
2594,12.431633333333332
2595,29.614299999999993
2596,17.377330000000008
2597,3.525019999999999
2598,36.50740000000001
2599,63.26000000000001
2600,61.72804999999996
2601,4.990421666666667
2602,2.9182666666666672
2603,9.486248571428574
2604,10.431449999999995
2605,4.4781828666666685
2606,20.021400000000018
2607,18.042369999999984
2608,71.3435
2609,17.79432223665224
2610,6.477773939393932
2611,84.96973333333337
2612,17.472099999999998
2613,28.144500000000004
2614,1.1526162499999988
2615,6.305933333333332
2616,28.041729999999994
2617,60.64595454545456
2618,124.40758333333324
2619,18.600033333333332
2620,81.58293333333341
2621,6.262811666666672
2622,6.764233333333335
2623,85.2817880952381
2624,30.73499999999998
2625,5.098177666666663
2626,63.00719999999998
2627,68.2699512820513
2628,35.11725
2629,29.301533333333314
2630,11.20141904761905
2631,102.57252380952382
2632,8.534300000000004
2633,20.883700000000008
2634,43.52706176046175
2635,28.63699999999996
2636,17.181333333333317
2637,7.171300000000001
2638,87.587
2639,76.27959166666666
2640,4.182109999999996
2641,2.4974885714285726
2642,62.41939999999995
2643,59.94983333333334
2644,25.63886666666667
2645,19.1204817314754
2646,1.6635733333333338
2647,2.5160666666666684
2648,44.87517023809524
2649,45.550166666666634
2650,3.5633000000000026
2651,4.169426666666666
2652,14.511681818181806
2653,13.050000000000002
2654,59.287000000000006
2655,29.490900000000014
2656,4.80473666666667
2657,102.8704095238095
2658,29.850000000000005
2659,39.17293333333333
2660,41.653999999999996
2661,5.743786421356421
2662,13.144485714285713
2663,2.384623333333333
2664,6.105923333333338
2665,70.35026287426525
2666,71.279
2667,5.823350000000001
2668,24.67753333333333
2669,4.3106
2670,13.00229999999998
2671,9.65386354978355
2672,58.96057063492061
2673,4.628526666666666
2674,137.741
2675,1.7578656666666677
2676,88.47833333333334
2677,3.7723643333333308
2678,33.50193333333337
2679,21.21711666666667
2680,39.7848666666667
2681,81.11500000000005
2682,3.2759316666666667
2683,16.8876
2684,2.383066316666668
2685,79.7243124255505
2686,119.52797619047622
2687,29.63240833333336
2688,71.77006800421803
2689,25.29993452380952
2690,25.147199999999998
2691,6.086903999999996
2692,5.20555281052281
2693,17.14447833333333
2694,57.7575
2695,5.891900000000005
2696,94.29853809523809
2697,88.42035238095237
2698,54.117666666666665
2699,17.244866666666667
2700,47.34099999999999
2701,14.645399999999993
2702,8.693174999999997
2703,6.510916666666663
2704,49.325666666666656
2705,4.263100000000005
2706,57.87173333333333
2707,2.4978200000000026
2708,72.45600000000003
2709,71.77163202380953
2710,31.665999999999986
2711,3.3795800000000016
2712,19.457799999999985
2713,85.18379996124224
2714,19.853300000000022
2715,55.95964761904758
2716,3.7143849999999996
2717,9.487886666666666
2718,95.63016666666668
2719,5.677313095238098
2720,2.0788900000000017
2721,24.335099999999997
2722,1.4775359999999997
2723,2.241288571428573
2724,2.489597866666665
2725,5.301869999999997
2726,28.779016666666653
2727,3.6318966666666666
2728,80.62869230769233
2729,23.7175
2730,8.545423296703287
2731,1.2668933333333328
2732,2.2728966666666692
2733,15.587299999999992
2734,104.8684761904762
2735,3.9751319047618994
2736,97.89800000000005
2737,1.871255714285712
2738,39.93246666666667
2739,41.11014166666669
2740,92.92200000000004
2741,15.209612463924957
2742,4.892790000000004
2743,6.38213333333333
2744,47.408600000000014
2745,89.84700000000001
2746,82.45157922360865
2747,78.61259999999999
2748,10.531220000000001
2749,36.454999999999956
2750,0.11337199999999999
2751,96.26460714285714
2752,5.366616666666664
2753,37.78466269841268
2754,3.2054500000000052
2755,43.44820333333337
2756,3.256626190476191
2757,59.97469666666668
2758,22.223323529411754
2759,1.6502966666666674
2760,19.002358333333348
2761,3.2744500000000003
2762,7.059759999999995
2763,9.924499999999991
2764,13.00416666666667
2765,3.0452250000000025
2766,26.450056349206328
2767,75.07160000000003
2768,6.061878333333335
2769,50.78060000000003
2770,58.67770777777783
2771,7.330343849206351
2772,3.7723643333333308
2773,64.74073952380952
2774,1.806798518333332
2775,41.59883333333333
2776,1.218618666666667
2777,18.43593333333332
2778,12.98583102564103
2779,14.352681818181814
2780,2.8830166666666686
2781,1.266105
2782,37.012166666666666
2783,9.460750000000003
2784,46.527203968253964
2785,5.755956666666666
2786,125.50797474747476
2787,37.20496563333296
2788,71.77006800421803
2789,23.623999999999995
2790,0.9720762
2791,29.132074285714303
2792,3.7234000000000034
2793,55.19800000000002
2794,2.0349376666666688
2795,20.21741666666666
2796,56.13620000000002
2797,13.110233333333332
2798,27.09181999999997
2799,75.84189999999998
2800,124.13035238095237
2801,6.599675000000004
2802,20.13490000000002
2803,28.90857222222222
2804,27.75589523809525
2805,3.8139495238095265
2806,19.002358333333348
2807,8.6205
2808,99.58483055555557
2809,11.552285714285714
2810,61.892157017363445
2811,12.264030000000002
2812,88.90339999999998
2813,33.773599999999995
2814,12.726033333333335
2815,20.070983333333334
2816,0.47818166666666634
2817,2.7660999999999984
2818,11.366900000000005
2819,2.9038933333333286
2820,85.18379996124224
2821,47.07650000000002
2822,19.68846666666666
2823,8.274658571428574
2824,18.503309523809527
2825,87.78444999999996
2826,3.011643333333331
2827,67.82920000000001
2828,79.29596017316017
2829,9.338933333333332
2830,7.085524999999995
2831,81.4201166666667
2832,31.858
2833,39.88208333333334
2834,86.43745476190476
2835,10.5264
2836,75.10289999999998
2837,22.5775
2838,59.68576666666668
2839,17.79432223665224
2840,6.246467156862748
2841,4.14002
2842,111.12550000000002
2843,113.23881132756134
2844,4.9045000000000005
2845,22.53502499999999
2846,42.5149
2847,7.628906587301589
2848,55.16998333333334
2849,34.32130441722214
2850,101.21413333333335
2851,18.5892
2852,6.812999999999996
2853,37.20496563333296
2854,24.285575000000005
2855,13.73
2856,3.0492785714285713
2857,27.07729
2858,92.28777160894658
2859,48.71925
2860,17.167074999999993
2861,8.13010833333333
2862,46.9075
2863,1.6847069999999997
2864,70.56691369047621
2865,5.3654480000000015
2866,4.896408333333332
2867,13.721377380952381
2868,58.346999999999944
2869,3.708296666666667
2870,33.097
2871,79.81210850582596
2872,10.408579999999999
2873,6.316558333333335
2874,2.838833333333335
2875,40.836171428571426
2876,2.7733833333333338
2877,15.004866666666658
2878,2.4395499999999997
2879,51.31783333333332
2880,13.99430202380951
2881,33.13835619047622
2882,6.255600000000002
2883,2.8018666666666654
2884,65.94633333333334
2885,10.231800000000007
2886,16.042199999999976
2887,39.42233333333333
2888,21.445897619047624
2889,4.826749000000004
2890,8.923999999999989
2891,5.822553333333333
2892,76.17876666666668
2893,1.5790333333333342
2894,20.893299999999996
2895,19.458500000000004
2896,27.982466666666657
2897,1.652376
2898,4.909316666666666
2899,70.89743095238092
2900,3.124374333333332
2901,6.874067500000003
2902,24.01543999999999
2903,7.319199999999996
2904,80.26032307692307
2905,5.998933333333331
2906,46.32433333333333
2907,23.232000000000014
2908,16.737999999999996
2909,37.21763333333334
2910,39.06603333333333
2911,90.87985833333342
2912,74.59590000000001
2913,9.175950000000002
2914,25.096508571428576
2915,8.010321125541129
2916,17.472099999999998
2917,103.55849999999997
2918,32.99251692085692
2919,87.9177833333334
2920,39.65245
2921,3.872390952380952
2922,5.423538333333329
2923,2.9557770595238093
2924,12.063482142857147
2925,6.1998000000000015
2926,23.886266666666664
2927,49.9076
2928,23.007500000000007
2929,55.49149999999999
2930,1.4915559999999994
2931,15.209612463924957
2932,10.63079444444444
2933,4.743919000000003
2934,16.84260000000001
2935,103.49663055555556
2936,58.442704700854705
2937,60.87846250000004
2938,57.65286666666667
2939,67.55100000000002
2940,57.87283333333335
2941,79.81210850582596
2942,7.552099999999991
2943,122.7537
2944,75.45794010025064
2945,6.065759999999998
2946,4.384641666666668
2947,48.685
2948,4.713391666666669
2949,14.422642518037517
2950,96.20666666666666
2951,7.987126666666668
2952,91.75340000000011
2953,92.28777160894658
2954,17.65470000000002
2955,117.70214285714287
2956,35.3333
2957,3.2770962866666657
2958,8.001433333333335
2959,90.64373333333333
2960,69.67258333333332
2961,33.2902
2962,5.7426330476190515
2963,90.06781682539685
2964,69.39066666666663
2965,3.5498699166666636
2966,38.022
2967,119.52797619047622
2968,7.680768095238092
2969,55.56765777777783
2970,23.134699999999988
2971,2.8560249380952376
2972,67.22349999999997
2973,6.362615
2974,54.46100000000001
2975,17.050449999999994
2976,70.57991666666663
2977,0.13819900000000002
2978,16.77211666666667
2979,77.8907042857143
2980,8.804493333333328
2981,10.654999999999983
2982,97.59595555555553
2983,4.760275
2984,31.643679999999986
2985,37.59175912820513
2986,2.920125
2987,74.7705
2988,79.02666666666661
2989,1.2278033666666657
2990,28.308888888888877
2991,20.827199999999994
2992,52.812400000000004
2993,81.9310833333333
2994,16.488805952380957
2995,3.8139495238095265
2996,3.112383333333334
2997,13.303233333333344
2998,8.014166666666663
2999,5.47807
3000,16.410490000000003
3001,70.63050000000001
3002,27.197857142857142
3003,78.4949
3004,17.501445151515146
3005,16.39635833333332
3006,85.18379996124224
3007,46.814400000000006
3008,14.860366666666675
3009,2.530375000000004
3010,13.869300000000004
3011,60.26750952380955
3012,25.16271428571429
3013,78.98435
3014,74.31014999999998
3015,29.396535714285704
3016,44.75469999999999
3017,82.25431922642574
3018,60.60088492063492
3019,9.708500000000004
3020,2.111356809523811
3021,3.0687000000000024
3022,82.17516666666663
3023,106.73779999999994
3024,4.530420000000003
3025,2.7357000000000022
3026,28.337549999999997
3027,64.08329464285711
3028,79.67210952380954
3029,14.03084166666668
3030,0.15253800000000006
3031,38.863146825396825
3032,49.350999999999985
3033,27.07729
3034,15.269999999999987
3035,1.7016999999999984
3036,64.63202380952376
3037,129.56659754689764
3038,21.155200000000004
3039,48.6379
3040,18.19948095238095
3041,0.35859599999999986
3042,68.46243968253972
3043,2.671380000000001
3044,1.0073033333333337
3045,6.475806666666672
3046,91.37006274509804
3047,1.8206597619047633
3048,15.896450000000014
3049,4.202384999999995
3050,75.681
3051,23.278095238095244
3052,45.92229333333333
3053,10.791183333333333
3054,19.002358333333348
3055,0.9050466666666667
3056,63.217333333333315
3057,18.394688095238106
3058,75.75399999999999
3059,69.96039999999999
3060,75.85923809523808
3061,21.445897619047624
3062,6.340399166666666
3063,4.554485000000001
3064,91.1601608225108
3065,40.1204
3066,2.838833333333335
3067,80.09110000000001
3068,50.31879999999998
3069,27.759600000000006
3070,68.75314285714276
3071,5.583647619047618
3072,50.81100000000001
3073,1.8143999999999971
3074,62.775183333333345
3075,40.41
3076,13.819699999999997
3077,5.592782499999999
3078,24.586500000000004
3079,11.609529999999998
3080,70.46696000000001
3081,22.907828571428578
3082,86.43745476190476
3083,3.447393809523807
3084,16.922633333333316
3085,3.685087366666669
3086,50.289766666666665
3087,41.9775
3088,8.934068333333334
3089,43.0205
3090,8.822612976190475
3091,27.82956190476192
3092,15.3299
3093,8.528662500000001
3094,63.7509767857143
3095,6.437037499999999
3096,5.731297142857139
3097,7.249822929292931
3098,2.0445833333333336
3099,56.19655555555554
3100,2.6071816666666643
3101,43.38
3102,0.17139475
3103,17.271699999999974
3104,92.25103333333333
3105,15.81330000000001
3106,82.75773567588327
3107,73.3238650793651
3108,13.145908095238097
3109,16.755165000000005
3110,3.674780000000001
3111,2.507880000000002
3112,26.519251488095243
3113,52.04807500000001
3114,79.98656036741033
3115,2.6069400000000025
3116,7.174200000000009
3117,88.38843655913979
3118,2.6149599999999964
3119,41.63858333333334
3120,89.99335999999998
3121,4.1261399999999995
3122,79.67210952380954
3123,92.80375714285714
3124,24.45506785714288
3125,2.924805555555557
3126,17.472099999999998
3127,16.2451
3128,37.22799999999997
3129,4.018213333333333
3130,7.987035000000003
3131,3.940478809523811
3132,11.527133333333333
3133,83.36157407407406
3134,6.197858333333338
3135,78.17756102575173
3136,97.34283333333335
3137,60.830866666666644
3138,16.980960000000003
3139,5.3081
3140,1.9475499999999988
3141,0.6362657142857145
3142,9.487886666666666
3143,57.17766666666665
3144,0.6068880000000005
3145,105.661
3146,4.953924999999999
3147,53.07099999999992
3148,81.28578429487177
3149,56.78092876290374
3150,31.181000000000004
3151,42.596799999999995
3152,57.18150000000006
3153,45.868383333333334
3154,2.4183033333333337
3155,5.855650000000004
3156,54.95283333333332
3157,21.36314821428572
3158,19.091813347763345
3159,2.1269050000000007
3160,4.112816666666664
3161,47.95951666666666
3162,119.13599722222216
3163,5.225700000000002
3164,78.17756102575173
3165,6.031191666666668
3166,86.45850000000007
3167,49.48893333333334
3168,3.4667000000000026
3169,6.98610333333333
3170,4.061360714285711
3171,0.6260407142857145
3172,23.197199999999995
3173,83.51342761904762
3174,6.266251666666669
3175,13.836966666666662
3176,59.68041111111111
3177,37.88700000000003
3178,8.476733333333321
3179,28.90857222222222
3180,47.24725
3181,8.074457380952381
3182,25.821933333333327
3183,50.9171
3184,9.092597149517154
3185,4.4853599999999965
3186,62.56426551724142
3187,7.505223333333334
3188,73.1035
3189,12.052980000000002
3190,21.1299
3191,38.7862575757576
3192,26.706400000000002
3193,3.699150000000001
3194,2.4549633333333327
3195,85.25619999999999
3196,18.38715000000001
3197,82.77099999999999
3198,30.3065
3199,2.6569735714285723
3200,2.7923552380952374
3201,12.392464285714285
3202,2.329066666666668
3203,8.054193333333332
3204,87.58804999999995
3205,2.473643333333334
3206,21.53066666666665
3207,34.75600000000001
3208,13.407076666666661
3209,21.301083333333334
3210,85.18379996124224
3211,81.1012
3212,2.637086666666666
3213,11.669399999999994
3214,87.3302333333332
3215,2.7078066666666674
3216,9.194200000000004
3217,16.080075000000004
3218,68.18520000000001
3219,23.245
3220,55.89934210526316
3221,50.80799999999999
3222,27.88
3223,91.80975000000002
3224,24.640599999999985
3225,13.482949999999999
3226,59.97206666666666
3227,26.92994666666667
3228,6.729283333333335
3229,83.93423333333332
3230,17.726050000000015
3231,24.241
3232,28.41514285714288
3233,21.92752940585984
3234,18.96525000000002
3235,108.52500000000008
3236,75.80499999999988
3237,1.0391976190476198
3238,4.896408333333332
3239,53.841233333333285
3240,23.574083333333338
3241,46.23755000000002
3242,88.5696
3243,44.07432142857143
3244,32.66956285714288
3245,6.658656666666668
3246,18.737987976190478
3247,11.855879999999992
3248,36.398931666666684
3249,5.9466147529921045
3250,69.40009000000002
3251,9.282050000000005
3252,125.40900000000003
3253,72.26099999999997
3254,34.54049999999998
3255,27.056964285714276
3256,85.21761428571428
3257,27.384566666666682
3258,30.652199999999993
3259,5.073110000000001
3260,53.83799999999999
3261,57.84460000000002
3262,25.235533333333315
3263,15.209612463924957
3264,26.938156349206324
3265,22.683999999999973
3266,85.18379996124224
3267,30.76378571428575
3268,2.1970883333333346
3269,74.22232307692306
3270,47.33483333333333
3271,9.62167260822511
3272,38.87600000000002
3273,24.38295896825397
3274,4.112816666666664
3275,78.20274999999998
3276,18.662499999999987
3277,5.214478809523813
3278,3.7501133333333336
3279,74.21610000000003
3280,4.315703333333332
3281,32.633800000000015
3282,52.04449999999999
3283,2.6655774999999995
3284,14.718000000000002
3285,4.160365714285711
3286,30.49216263157895
3287,15.996683333333346
3288,8.670500000000008
3289,44.730666666666664
3290,0.9251833333333344
3291,13.00229999999998
3292,10.87673333333334
3293,5.321106904761906
3294,9.792586666666665
3295,64.65250000000002
3296,1.7739866666666666
3297,21.76173333333334
3298,42.02901666666669
3299,11.72148214285714
3300,6.408551428571432
3301,42.86615333333336
3302,47.92185238095242
3303,3.066690000000002
3304,79.16751666666663
3305,77.99031749999999
3306,14.280024999999991
3307,90.79869761904763
3308,26.436000000000014
3309,5.094100000000001
3310,2.5602528571428587
3311,10.83656666666667
3312,15.43916666666667
3313,77.45033333333333
3314,6.445066666666667
3315,11.72148214285714
3316,1.8830300000000009
3317,12.064123809523814
3318,4.041285000000002
3319,5.669140000000001
3320,26.116666666666664
3321,5.733805999999995
3322,3.3738277777777728
3323,11.077008333333337
3324,7.597800000000001
3325,69.1111666666667
3326,76.8886
3327,7.3440999999999965
3328,10.602400000000003
3329,13.41365
3330,17.07690000000002
3331,49.67219047619047
3332,2.7208300000000025
3333,71.86699999999999
3334,70.51135000000004
3335,3.5911033333333324
3336,6.547766666666661
3337,13.891270000000002
3338,91.0865
3339,21.81754285714286
3340,11.91956333333333
3341,3.7969287000000005
3342,14.522530952380949
3343,60.67177777777778
3344,85.18379996124224
3345,0.6404716904761908
3346,64.91300000000003
3347,5.7966774999999995
3348,20.354266666666682
3349,34.32130441722214
3350,9.610283333333346
3351,68.96233333333329
3352,34.84685833333332
3353,64.0594666666667
3354,3.072310000000001
3355,5.892763333333334
3356,4.3850580000000035
3357,91.1601608225108
3358,108.037875
3359,74.5722
3360,56.492699999999985
3361,15.715493333333328
3362,29.192924999999992
3363,72.30433333333335
3364,113.76976666666664
3365,20.117481349206354
3366,85.18379996124224
3367,53.68699999999999
3368,4.341789571428571
3369,54.974000000000025
3370,31.014684681372547
3371,38.77635
3372,2.7938819100000005
3373,22.13710500000001
3374,33.75226153846154
3375,84.2449810714286
3376,93.46799999999999
3377,20.322300000000002
3378,80.15755000000003
3379,2.3563033333333343
3380,6.893150000000002
3381,5.547583333333335
3382,3.7778400000000043
3383,4.216550000000002
3384,35.41868333333333
3385,68.43750404761904
3386,14.175
3387,73.9516
3388,3.574110000000001
3389,84.36633333333324
3390,10.432560000000006
3391,129.56659754689764
3392,16.826591904761905
3393,28.337549999999997
3394,107.6591333333333
3395,5.884300000000003
3396,32.31458333333336
3397,103.21980303030303
3398,56.78092876290374
3399,9.33485
3400,14.456835851370851
3401,9.285438690476186
3402,39.89950000000001
3403,71.18549999999999
3404,10.691433333333336
3405,35.26426666666668
3406,12.068519047619047
3407,21.07216666666665
3408,5.007000833333331
3409,76.82966666666667
3410,80.90337500000001
3411,37.98886666666667
3412,61.892157017363445
3413,4.341373333333338
3414,85.9761112745098
3415,113.12737500000001
3416,91.04107142857143
3417,2.2616790000000013
3418,2.3115452380952393
3419,89.59331666666665
3420,10.781480000000002
3421,8.636315115440118
3422,37.20496563333296
3423,64.66399999999999
3424,36.59649999999996
3425,45.41395000000001
3426,59.668100000000024
3427,6.005366666666661
3428,32.441583333333334
3429,16.552233333333337
3430,50.39900000000003
3431,8.249133333333335
3432,5.688609642857143
3433,58.12449999999998
3434,74.30775
3435,7.413950000000004
3436,59.73900000000003
3437,85.84141666666656
3438,78.44559999999997
3439,52.5576641025641
3440,2.040309999999998
3441,3.9259741269841246
3442,11.961699999999992
3443,110.49850000000013
3444,15.11836666666666
3445,27.07729
3446,65.52458333333333
3447,20.948400000000003
3448,28.480195238095277
3449,39.1170996031746
3450,7.837563333333334
3451,8.502755530303025
3452,24.43343452380952
3453,43.14010000000003
3454,27.129499999999997
3455,28.90857222222222
3456,12.981366666666668
3457,72.53763333333332
3458,22.1306
3459,4.929612857142853
3460,51.283200000000015
3461,16.089636666666667
3462,4.351403333333332
3463,34.32130441722214
3464,69.4234333333333
3465,3.789488333333334
3466,5.54327
3467,30.29375000000001
3468,90.56977611832612
3469,25.797600000000024
3470,88.87315163398692
3471,2.8342353571428567
3472,3.673133333333334
3473,46.08171666666672
3474,39.10185714285714
3475,50.17200000000002
3476,11.647036666666672
3477,14.737809761904764
3478,13.00229999999998
3479,56.861524999999986
3480,3.671241666666665
3481,14.522530952380949
3482,30.94136972862649
3483,86.28519999999999
3484,3.077701666666666
3485,64.68809999999999
3486,2.4364333333333335
3487,29.580607692307677
3488,91.84200000000003
3489,3.3870000000000027
3490,2.750100000000002
3491,4.413587366666667
3492,4.212259000000006
3493,36.73400000000001
3494,4.3733376190476205
3495,36.000333333333366
3496,81.01482207792208
3497,26.65889999999999
3498,36.72856666666667
3499,77.28027500000007
3500,4.368717619047619
3501,73.6428095238095
3502,3.8244866666666657
3503,66.98849999999999
3504,62.50696666666665
3505,5.971023333333328
3506,33.327004704184716
3507,63.911933333333344
3508,7.720999999999998
3509,32.0463
3510,87.24403333333333
3511,82.58772500000003
3512,88.34812023809522
3513,2.0349376666666688
3514,68.16853333333331
3515,106.72504761904764
3516,97.685675
3517,2.3772833333333296
3518,1.8375380000000003
3519,3.7382183333333323
3520,3.5111086666666664
3521,6.283310000000001
3522,61.849409523809534
3523,104.2899999999999
3524,4.555611904761905
3525,90.26950000000001
3526,4.992766666666666
3527,74.09132554112556
3528,61.98999999999999
3529,85.18379996124224
3530,9.276819999999995
3531,8.392310000000002
3532,119.8875
3533,82.81224330061964
3534,12.392464285714285
3535,2.7172000000000014
3536,3.132800000000003
3537,29.105424358974343
3538,35.528833333333296
3539,11.602789999999997
3540,3.12883333333333
3541,6.068683333333333
3542,80.98592532467528
3543,4.5105033333333315
3544,27.91847499999999
3545,17.117100000000022
3546,38.15699999999997
3547,76.46323333333335
3548,89.64322460317462
3549,2.6849195333333307
3550,3.477286666666665
3551,19.091813347763345
3552,21.779249999999994
3553,7.251249999999998
3554,48.424400000000034
3555,4.429469999999996
3556,41.94326666666669
3557,21.028413333333333
3558,22.893
3559,25.884085714285735
3560,21.52686666666667
3561,95.560425
3562,7.910466666666663
3563,17.740133333333333
3564,66.34114166666659
3565,14.041999999999998
3566,9.835200000000013
3567,34.43904166666667
3568,20.649916666666662
3569,106.10200000000003
3570,3.928613
3571,9.468373333333341
3572,57.60590000000002
3573,2.0780586666666663
3574,5.503154047619048
3575,81.48269230769233
3576,41.495666666666665
3577,4.202924999999998
3578,3.442800000000003
3579,18.164486666666672
3580,44.510119047619035
3581,77.67502083333335
3582,84.68900000000004
3583,4.482870000000001
3584,29.716659999999965
3585,4.827613333333333
3586,85.00599999999999
3587,13.706000000000001
3588,86.02849999999998
3589,27.62597941919192
3590,90.96686666666666
3591,19.432799999999997
3592,19.095000000000027
3593,81.89716666666666
3594,47.12338333333335
3595,0.36333799999999983
3596,5.714150490196079
3597,56.78092876290374
3598,70.72000000000006
3599,9.77198333333334
3600,4.601886111111109
3601,11.068633333333333
3602,4.008100000000003
3603,1.8674833333333334
3604,93.42437285714283
3605,4.851416666666668
3606,23.092099999999974
3607,84.15316666666662
3608,13.881953333333335
3609,10.355683333333332
3610,1.3580999999999985
3611,28.52411999999996
3612,14.100816666666658
3613,18.09616666666666
3614,79.95820476190477
3615,11.674373333333333
3616,5.662569499999998
3617,1.9424538095238093
3618,22.46850000000003
3619,7.636280000000003
3620,14.023900000000003
3621,3.4821999999999984
3622,31.820400000000003
3623,78.66199999999999
3624,86.43745476190476
3625,8.997859999999989
3626,73.47499999999994
3627,115.8051525974026
3628,8.049216666666668
3629,60.45866666666664
3630,4.88648333333333
3631,7.389571666666665
3632,42.09400000000003
3633,60.352999999999994
3634,4.018859
3635,6.151983333333331
3636,33.86754402661067
3637,3.070965999999999
3638,18.51098333333334
3639,76.16089999999997
3640,4.557570952380954
3641,28.014166666666664
3642,3.221390000000004
3643,78.17756102575173
3644,6.832933333333335
3645,16.325600000000005
3646,2.422263333333334
3647,3.169201333333333
3648,0.2721679999999998
3649,35.125386538461534
3650,71.08849999999998
3651,39.951513333333324
3652,14.55180000000002
3653,55.35839999999997
3654,2.6675066666666676
3655,19.982250000000015
3656,16.04729047619047
3657,24.710000000000004
3658,30.10721428571427
3659,5.710005
3660,3.4745051805555547
3661,3.1838266666666675
3662,58.071071794871806
3663,34.32130441722214
3664,83.80745978260876
3665,39.877699999999976
3666,23.31963999999999
3667,32.90066666666669
3668,43.49
3669,0.22943699999999997
3670,10.879842500000006
3671,7.227416666666675
3672,2.6980016666666655
3673,29.274589804639803
3674,68.95093333333334
3675,5.2724300000000035
3676,0.06329999999999995
3677,118.40116666666665
3678,8.08700547619048
3679,46.42152399999999
3680,9.234782142857133
3681,3.5639790476190463
3682,44.0800880952381
3683,6.103424999999999
3684,28.16620349206351
3685,103.21980303030303
3686,34.32130441722214
3687,2.9213058166666666
3688,11.039008333333339
3689,50.05933333333334
3690,80.25025476190478
3691,7.684689166666667
3692,5.47807
3693,52.29
3694,28.480195238095277
3695,67.88546666666666
3696,19.807299999999987
3697,25.957683116883132
3698,95.11505
3699,14.946600000000005
3700,29.972800000000003
3701,19.1204817314754
3702,8.07625833333333
3703,7.330343849206351
3704,3.0416900000000004
3705,5.800950000000001
3706,8.683774999999995
3707,5.628699166666666
3708,2.2490947619047628
3709,31.81526666666665
3710,1.8526700000000005
3711,15.715493333333328
3712,132.74312499999985
3713,75.62142222222225
3714,75.29193333333333
3715,8.257869999999999
3716,11.531392499999997
3717,15.226999999999993
3718,84.59496666666668
3719,63.809799999999996
3720,92.0545
3721,88.796
3722,8.667933333333345
3723,13.872399999999995
3724,83.3055
3725,4.559908333333333
3726,10.93241000000001
3727,49.31656666666667
3728,44.897733333333335
3729,61.92300000000006
3730,24.40143333333334
3731,25.543066666666668
3732,19.10996666666666
3733,63.01710000000002
3734,6.4541425000000014
3735,3.9510834848484846
3736,51.507600000000004
3737,6.345247500000003
3738,60.068599999999996
3739,72.9501
3740,84.37143809523808
3741,98.85995238095238
3742,59.26880000000002
3743,1.8341509999999992
3744,8.263324999999996
3745,119.52797619047622
3746,9.092597149517154
3747,44.270099999999985
3748,54.16340000000001
3749,4.522483333333335
3750,38.863146825396825
3751,3.7519208333333323
3752,10.860329999999994
3753,61.263000000000005
3754,5.1416900000000005
3755,18.07290000000002
3756,6.559499999999997
3757,5.319965
3758,2.981460816666666
3759,2.696699176190478
3760,71.66033333333333
3761,27.12627043597742
3762,50.56499999999999
3763,4.175985000000001
3764,12.55370833333333
3765,28.716666666666665
3766,22.602749999999983
3767,14.7777
3768,33.968
3769,45.1444
3770,62.323
3771,23.798599999999997
3772,2.018591333333332
3773,70.1885
3774,4.368717619047619
3775,72.286
3776,26.356522619047624
3777,59.4445
3778,5.7405616666666655
3779,37.60399999999999
3780,6.50347166666666
3781,13.45313333333333
3782,7.797933333333342
3783,77.749
3784,79.53381642036126
3785,92.28777160894658
3786,91.15449880619384
3787,1.948843333333333
3788,22.810074096818227
3789,64.8185
3790,67.99936776315789
3791,36.2874746031746
3792,65.7586264285714
3793,32.33175000000003
3794,1.266105
3795,7.909733333333337
3796,4.372700000000004
3797,22.622499999999974
3798,34.82287
3799,25.2252
3800,7.6480283333333325
3801,43.10625
3802,5.213149999999995
3803,19.43979999999999
3804,2.8819688999999995
3805,87.88798333333334
3806,69.88670833333333
3807,23.471283333333353
3808,56.78092876290374
3809,3.748599999999996
3810,79.80799999999996
3811,87.3064999999999
3812,8.368573499999998
3813,72.89188333333334
3814,4.544766666666666
3815,7.132683333333334
3816,85.18379996124224
3817,108.52500000000008
3818,21.81754285714286
3819,7.375649999999999
3820,15.299354999999998
3821,35.74962111613876
3822,34.82268333333332
3823,23.06735
3824,12.25285
3825,7.6480283333333325
3826,9.19551666666667
3827,48.54633333333332
3828,7.854896666666665
3829,41.551066666666685
3830,27.664196666666683
3831,11.308673333333337
3832,5.518200000000002
3833,79.19578571428573
3834,64.12130000000003
3835,2.248550000000003
3836,31.00907692307693
3837,4.885938333333332
3838,79.65181666666668
3839,8.637833333333335
3840,6.017049999999999
3841,2.3373
3842,2.9839933333333346
3843,15.699199991674986
3844,3.2486750000000004
3845,28.097412273837254
3846,9.285044761904764
3847,103.60275
3848,11.251653841269837
3849,65.78453333333333
3850,23.243733333333335
3851,58.32119000000001
3852,101.18400000000008
3853,19.091813347763345
3854,3.9272583333333317
3855,8.847381666666665
3856,75.25157142857151
3857,19.291333333333352
3858,29.271138095238115
3859,3.3039919047619035
3860,12.927433333333347
3861,15.965430952380945
3862,26.637878571428583
3863,66.56861444444446
3864,113.00066666666666
3865,85.00983333333333
3866,61.06100000000001
3867,45.833
3868,25.825899999999994
3869,4.627818333333334
3870,21.765
3871,16.71518333333333
3872,126.74656666666661
3873,77.43783333333333
3874,64.486
3875,124.60899999999992
3876,6.950783333333328
3877,85.18379996124224
3878,7.330343849206351
3879,4.723796666666667
3880,12.309033333333334
3881,3.8702283333333325
3882,14.282202380952379
3883,70.89743095238092
3884,3.018875833333335
3885,80.59319696969698
3886,7.8366999999999996
3887,4.877183333333332
3888,17.199799999999986
3889,3.4731233333333336
3890,6.388441666666669
3891,10.647300000000003
3892,4.708900000000006
3893,72.04584285714284
3894,26.522423746001554
3895,90.44733333333333
3896,27.523249999999997
3897,3.905444999999995
3898,15.005000000000004
3899,53.75933333333332
3900,7.818192380952379
3901,76.33429999999998
3902,20.198399999999992
3903,37.78466269841268
3904,103.07333333333334
3905,3.8968247666666658
3906,49.24316666666666
3907,79.63749999999999
3908,47.001130158730156
3909,2.0161900000000013
3910,4.0810993666666695
3911,19.82695714285715
3912,11.981257142857151
3913,10.34643333333333
3914,5.723
3915,71.77006800421803
3916,28.90857222222222
3917,16.95938333333333
3918,5.567158333333336
3919,49.68500000000001
3920,19.38619321789322
3921,84.26197571428571
3922,27.62597941919192
3923,64.01339999999996
3924,81.16024206349209
3925,56.050321197691204
3926,65.60700000000004
3927,40.18
3928,10.079500000000008
3929,37.20496563333296
3930,81.12790833333334
3931,72.26499999999999
3932,86.46133333333333
3933,18.6561380952381
3934,3.3236169047619035
3935,23.81286666666667
3936,35.68919206349207
3937,14.818256666666663
3938,80.00989999999999
3939,9.246280952380964
3940,124.82736666666668
3941,4.64709
3942,4.041671666666665
3943,25.34986666666667
3944,7.6513380952381045
3945,69.85266666666662
3946,30.99106666666668
3947,12.3693
3948,113.00200000000001
3949,5.954799761904764
3950,10.269933333333336
3951,4.529658333333333
3952,19.385468944099408
3953,15.715493333333328
3954,61.5114
3955,9.55621428571429
3956,4.1608900000000055
3957,2.8828000000000014
3958,54.44964999999999
3959,36.481
3960,30.75845238095239
3961,14.166999999999991
3962,2.763210000000002
3963,0.6230800000000007
3964,23.029228761904765
3965,4.320200000000002
3966,3.678323333333333
3967,24.195533333333334
3968,3.2759316666666667
3969,38.89550333333336
3970,2.3879999999999986
3971,3.6496033333333338
3972,82.13078333333333
3973,39.724500000000006
3974,22.235914285714284
3975,85.52449999999995
3976,80.81446964701965
3977,49.645092857142856
3978,21.07216666666665
3979,15.715493333333328
3980,50.978767777777755
3981,28.480195238095277
3982,3.4121604761904734
3983,78.17756102575173
3984,2.9703402749999994
3985,7.643059999999996
3986,16.3266
3987,56.26449999999999
3988,16.95938333333333
3989,92.67017936507936
3990,85.18379996124224
3991,11.7760261904762
3992,78.82600000000001
3993,22.321266666666666
3994,8.641333333333334
3995,1.5369499999999987
3996,28.411474853801163
3997,2.3412743650793657
3998,60.57533333333331
3999,6.946100000000002
4000,14.513023333333326
4001,40.91348333333333
4002,78.17756102575173
4003,125.50797474747476
4004,38.039500000000004
4005,65.94048333333332
4006,14.417761904761903
4007,12.392464285714285
4008,13.77521666666666
4009,3.6189399999999994
4010,19.38619321789322
4011,10.187599999999986
4012,7.570600000000005
4013,33.080488888888894
4014,12.927366666666671
4015,61.537738461538474
4016,17.503061904761925
4017,8.43436666666666
4018,1.7500400000000007
4019,3.2075533333333333
4020,42.44200000000001
4021,1.9142700000000001
4022,2.2490947619047628
4023,50.737000000000016
4024,5.00215871794872
4025,3.6268747619047614
4026,87.78444999999996
4027,10.209236199999996
4028,5.2143366666666715
4029,2.1043666666666665
4030,32.061499999999995
4031,15.677316666666657
4032,112.63910625
4033,6.475944000000002
4034,20.62839999999999
4035,11.299666666666665
4036,82.35380000000005
4037,89.99335999999998
4038,1.394225
4039,47.46083333333332
4040,6.264224999999999
4041,5.3284683333333325
4042,84.1024380952381
4043,75.46775000000001
4044,13.08741666666666
4045,85.84495000000003
4046,10.039399999999995
4047,7.255260000000001
4048,64.1836
4049,4.135810952380956
4050,18.702963636363645
4051,23.04899999999999
4052,1.8143583477633474
4053,33.21378803751805
4054,40.23533333333332
4055,20.28055
4056,99.93900000000002
4057,39.7457
4058,78.17756102575173
4059,20.36582777777777
4060,23.755000000000013
4061,12.392464285714285
4062,95.758
4063,19.1204817314754
4064,5.6186333333333325
4065,37.28346666666667
4066,37.800999999999995
4067,16.100841666666664
4068,19.452099999999998
4069,3.150854999999999
4070,82.14926666666678
4071,24.47948928571429
4072,78.21968861737679
4073,86.53504000000004
4074,10.312570238095237
4075,94.52916666666668
4076,57.759398333333344
4077,79.81210850582596
4078,58.59438666666668
4079,2.7728300000000026
4080,2.9634299999999985
4081,37.20496563333296
4082,15.21126666666667
4083,35.605053333333345
4084,2.431109533333334
4085,77.06323968253976
4086,6.5276
4087,12.94670833333334
4088,74.14391666666666
4089,80.0237166666667
4090,79.28514999999997
4091,2.2971125000000017
4092,4.414154444444444
4093,10.154
4094,53.68474999999999
4095,2.7059399999999982
4096,35.350000000000016
4097,37.163000000000046
4098,22.67626
4099,31.63499999999996
4100,23.791800000000002
4101,10.0751680952381
4102,8.195026047619047
4103,50.90699999999999
4104,65.42927142857143
4105,82.36100000000005
4106,39.02891666666667
4107,41.604386666666684
4108,1.8785999999999978
4109,4.129320000000003
4110,3.647870000000001
4111,61.892157017363445
4112,89.23033333333333
4113,7.693424444444449
4114,4.721879055944058
4115,2.3292700000000024
4116,6.11318
4117,33.21606666666666
4118,4.848479999999998
4119,2.1400699999999997
4120,80.42239214608921
4121,79.57841666666671
4122,14.3967818181818
4123,76.37977916666665
4124,27.12627043597742
4125,74.86898809523812
4126,11.618499999999994
4127,15.162800000000004
4128,2.1202400000000017
4129,76.25399999999999
4130,76.36910736842104
4131,2.66452
4132,3.8139495238095265
4133,19.264576190476195
4134,32.28800000000003
4135,14.694199999999997
4136,10.025299999999994
4137,25.734714285714254
4138,76.10056666666668
4139,3.87959333333333
4140,25.101450000000003
4141,25.786000000000005
4142,15.507599999999998
4143,80.19278333333337
4144,3.4987120000000003
4145,5.652966666666666
4146,6.282183333333335
4147,15.312099999999997
4148,66.8466
4149,1.4602234777095113
4150,9.514203333333333
4151,26.386750000000006
4152,0.7243004166666656
4153,17.47039999999998
4154,113.70933333333332
4155,106.7605
4156,5.060296666666668
4157,34.418211666666664
4158,4.616914999999999
4159,77.48805000000002
4160,29.15923112332114
4161,7.830499999999992
4162,57.45605000000001
4163,76.87180000000001
4164,12.068519047619047
4165,78.74473333333336
4166,24.89799999999999
4167,104.40149999999996
4168,9.38415333333333
4169,90.46401439393946
4170,13.824799999999996
4171,56.297000000000004
4172,2.3563033333333343
4173,121.0262
4174,16.793499999999984
4175,27.12627043597742
4176,68.9585
4177,4.91398404761905
4178,16.998299999999997
4179,8.224126428571424
4180,79.6265255411255
4181,79.81210850582596
4182,25.543066666666668
4183,103.83629999999992
4184,78.05433333333328
4185,3.2759316666666667
4186,13.144485714285713
4187,5.470318888888892
4188,65.35370000000003
4189,86.14566666666659
4190,36.782700000000006
4191,5.917199999999999
4192,3.865249999999998
4193,28.942000000000007
4194,12.519023809523818
4195,4.35205
4196,2.6572650000000015
4197,4.646229666666669
4198,78.55749325396825
4199,6.123889166666665
4200,4.6856023333333345
4201,36.33293333333333
4202,76.7769
4203,18.781766666666666
4204,4.121376666666668
4205,12.310449999999996
4206,71.66959999999999
4207,54.020649999999996
4208,8.342143333333322
4209,10.822283333333333
4210,4.858918333333336
4211,18.715226190476184
4212,62.33763636363636
4213,1.7854909523809532
4214,7.701145833333336
4215,3.7762704761904775
4216,37.20496563333296
4217,81.31699999999998
4218,115.8051525974026
4219,78.98435
4220,8.101666666666665
4221,3.1551850000000012
4222,63.77318333333338
4223,28.942000000000007
4224,13.21042857142857
4225,13.964166666666681
4226,51.90299999999999
4227,32.587802380952404
4228,58.213899999999995
4229,3.1686791666666676
4230,11.805254761904765
4231,1.212238333333332
4232,0.5166360000000008
4233,92.67964285714287
4234,110.28550000000004
4235,58.701258333333264
4236,10.453999999999986
4237,82.20000000000003
4238,57.57607179487181
4239,1.0702166666666664
4240,70.20190000000001
4241,73.01366666666665
4242,12.135433333333332
4243,2.9164339999999997
4244,3.420699999999995
4245,24.55314761904762
4246,22.197703333333337
4247,18.76190000000001
4248,5.08848
4249,15.290664285714287
4250,3.494099999999999
4251,115.8051525974026
4252,18.600033333333332
4253,8.34291000000001
4254,77.5199142857143
4255,91.59236190476192
4256,16.070590476190468
4257,53.173376190476205
4258,1.975949999999998
4259,87.88798333333334
4260,33.327004704184716
4261,31.493000000000016
4262,8.165375000000001
